machine_id,spindle_speed,feed_rate,coolant_temp,vibration_rms,spindle_load,ambient_temp,tool_wear_um,qc_class
1,7872.2,308.93,51.49,1.8089,78.28,25.91,251.74,1
5,9090.6,303.59,52.54,1.7867,82.22,24.71,263.99,0
4,10015.1,344.22,53.87,1.8158,78.46,26.73,270.06,0
3,7508.4,276.52,49.0,1.5174,70.84,23.17,228.47,0
3,7412.5,323.89,48.86,1.6251,72.29,22.1,215.88,0
6,9652.6,318.81,54.83,1.7412,75.83,24.05,263.47,1
1,7995.0,282.7,51.58,1.6116,71.78,23.75,237.41,0
5,8713.3,344.56,55.27,1.599,77.19,24.78,253.56,2
2,8924.4,316.96,53.96,1.6308,72.67,25.25,255.8,0
1,7965.0,341.95,51.5,1.5847,68.3,23.98,238.98,1
4,10555.2,358.09,54.4,1.8905,80.15,23.82,277.03,2
6,9676.3,312.07,52.18,1.7632,73.33,24.67,244.31,0
5,8771.6,314.96,51.13,1.5062,71.87,23.82,222.61,0
5,8662.3,317.46,50.71,1.5165,73.23,23.74,236.41,0
5,9054.9,347.08,49.0,1.6797,74.16,25.26,245.06,3
5,8724.5,323.85,51.06,1.6203,77.81,25.52,230.5,0
4,10301.9,336.49,57.69,1.886,77.16,25.33,282.56,0
1,8233.5,306.97,51.83,1.5263,76.45,23.96,237.06,2
6,10142.9,330.66,52.78,1.757,77.92,21.8,245.26,0
3,7171.1,322.36,50.19,1.5217,70.43,24.0,226.16,1
4,10646.4,337.18,51.71,1.8228,79.01,23.34,265.46,3
3,6994.2,289.83,49.74,1.3834,64.99,24.04,205.37,0
2,9069.5,309.6,54.41,1.5607,75.48,23.45,240.63,0
6,10104.0,321.18,54.13,1.8069,79.74,24.18,276.52,0
5,8956.4,293.28,49.18,1.6986,76.98,23.07,237.08,1
4,10454.6,321.49,53.65,1.8191,73.0,22.81,262.79,3
3,7420.7,328.6,52.66,1.4983,66.28,25.57,213.09,0
5,8809.9,313.19,52.24,1.6988,72.07,23.17,244.36,0
4,10319.3,346.19,52.42,1.8499,82.76,24.25,269.98,3
3,7348.5,256.22,54.17,1.6706,69.87,25.3,245.1,0
3,7507.2,312.81,48.62,1.5013,68.52,25.27,225.94,0
2,9063.5,316.79,52.67,1.505,69.6,25.15,226.34,0
1,7954.5,298.83,49.4,1.5382,69.34,24.61,225.24,0
4,10142.0,334.82,53.11,1.7457,74.79,25.08,243.88,3
6,9164.7,311.89,52.78,1.755,77.78,25.81,245.71,0
1,8325.0,273.35,52.74,1.536,75.13,24.77,236.03,2
6,9774.5,344.12,55.07,1.7057,73.28,22.29,256.22,2
5,8874.1,321.99,51.55,1.7452,76.86,23.74,259.91,0
2,9308.9,316.75,51.82,1.6999,77.26,25.1,261.45,3
4,10428.1,317.32,55.38,1.7422,73.41,23.65,255.22,0
1,8325.4,285.12,53.11,1.7669,71.75,26.13,247.29,1
5,8897.2,321.9,52.82,1.6025,75.5,24.29,250.66,0
5,8770.7,345.52,52.75,1.7668,75.34,24.46,255.58,0
3,7430.1,305.39,50.47,1.5659,64.95,25.61,216.93,0
1,8908.5,293.1,52.57,1.6493,73.95,24.18,243.99,2
6,9455.4,328.06,53.16,1.7325,77.86,24.59,254.8,0
3,7386.9,300.3,52.2,1.6042,75.89,25.39,238.98,0
6,9738.9,342.68,56.72,1.77,74.46,22.79,260.44,2
5,8880.6,328.61,52.62,1.6089,72.65,24.11,239.2,2
5,8350.5,258.11,51.99,1.5699,70.57,25.34,229.83,0
5,9159.3,330.57,53.36,1.6804,76.14,24.51,243.34,0
2,8969.9,300.61,52.24,1.6435,74.18,26.06,248.47,0
3,7244.5,274.1,50.36,1.5161,71.49,22.72,228.39,0
3,7980.4,304.39,50.97,1.3818,68.06,22.6,229.54,0
3,7800.2,313.2,50.44,1.5893,73.13,25.32,234.29,0
1,7795.3,276.22,52.6,1.52,68.13,25.43,224.5,2
4,10968.7,353.34,55.78,1.7082,79.15,24.28,262.87,3
1,8410.8,326.26,50.38,1.6408,79.26,24.94,244.59,0
5,8796.7,317.61,53.27,1.5968,69.25,25.33,239.59,0
5,9308.9,306.78,53.19,1.7866,73.8,23.62,249.87,1
6,9651.0,308.53,54.95,1.6622,71.19,23.75,238.51,2
5,8791.0,335.17,53.79,1.734,75.04,24.74,246.88,3
3,7388.7,274.07,50.37,1.6668,73.3,25.53,234.44,1
6,9786.2,346.81,52.67,1.6953,77.53,23.27,257.67,0
3,7752.5,302.3,50.63,1.5582,70.95,24.34,218.09,0
2,9004.7,317.33,53.19,1.8533,78.95,24.3,262.96,1
6,9347.2,292.07,54.24,1.7373,75.52,25.03,256.41,0
3,7641.6,301.42,51.03,1.6158,73.88,24.57,232.35,1
1,8177.7,321.0,51.02,1.5953,75.23,23.99,233.73,0
3,7173.3,274.85,51.98,1.4953,59.53,25.97,205.64,0
5,8329.0,320.59,50.33,1.6007,72.85,24.02,233.7,0
2,9180.8,322.59,56.86,1.5646,71.29,24.3,256.03,2
3,6767.4,282.85,49.66,1.4305,65.88,22.88,218.09,0
1,8265.7,326.31,49.44,1.5509,78.16,23.85,228.95,0
5,8647.0,275.48,52.72,1.638,71.15,25.21,237.5,0
3,8018.6,314.45,52.57,1.5985,78.71,25.01,232.35,1
2,8842.1,346.41,52.22,1.6603,70.17,25.32,237.98,3
2,9211.0,347.24,50.96,1.6492,72.08,25.28,240.98,0
4,10273.0,340.02,54.1,1.714,80.37,26.97,273.0,2
5,8836.4,311.77,53.03,1.6198,72.75,23.86,229.97,2
6,9835.8,316.75,50.55,1.765,77.2,22.91,242.7,2
3,7452.0,296.52,47.49,1.5917,70.16,23.55,220.62,0
1,8518.9,323.5,52.54,1.5718,73.11,23.94,227.63,0
5,8482.0,298.77,51.15,1.5275,71.74,23.65,231.62,0
4,10494.3,349.07,54.11,1.9531,79.12,24.83,275.29,3
5,9095.2,358.44,52.73,1.7138,78.03,26.12,244.74,0
1,8411.2,311.41,50.21,1.6651,78.49,26.44,244.58,1
2,9613.3,301.55,54.79,1.6745,74.55,25.31,245.14,0
5,8555.7,289.91,51.79,1.6327,71.33,27.12,245.03,0
5,8358.7,325.92,50.76,1.7265,71.55,24.38,238.54,0
3,7281.8,299.02,49.86,1.5894,75.26,22.99,228.36,0
5,9011.3,334.91,52.91,1.7857,77.32,25.95,247.21,0
6,9759.3,317.75,52.05,1.6633,69.57,22.78,240.49,0
3,7632.7,318.91,47.1,1.3854,64.99,23.98,211.6,0
6,9240.7,318.8,54.04,1.6305,72.15,25.39,239.73,2
2,9245.4,308.51,53.3,1.6204,75.45,24.71,244.37,0
2,8608.1,307.47,51.29,1.647,73.19,24.62,233.35,0
5,9170.9,299.33,50.9,1.771,75.99,23.54,257.82,0
4,11314.4,380.27,56.55,1.8985,80.57,24.84,267.47,3
1,8317.3,309.76,52.98,1.652,77.51,25.96,257.14,1
5,8986.6,330.45,52.99,1.6472,77.41,24.89,247.41,1
2,8842.3,307.6,54.83,1.7156,74.06,23.96,252.04,3
5,8220.7,291.49,52.16,1.5537,75.9,23.51,237.68,1
1,8007.1,303.87,50.72,1.4474,66.32,24.0,218.54,3
5,8450.3,332.77,53.34,1.7155,73.44,25.33,241.86,1
5,8337.0,302.33,52.04,1.6038,73.05,25.29,244.53,1
5,9351.2,307.19,53.13,1.6985,76.9,24.04,259.51,2
4,10487.3,338.16,56.3,1.7555,72.34,22.49,252.86,2
3,7721.5,313.92,49.58,1.6014,70.75,25.4,230.87,1
5,8701.1,345.28,52.02,1.6814,75.99,23.95,243.65,0
2,8944.7,324.76,55.01,1.6593,76.15,25.71,254.36,0
5,9108.7,331.79,53.2,1.6773,79.11,24.13,264.39,0
4,10389.7,347.23,54.06,1.8023,80.82,23.88,262.86,2
3,7769.8,284.71,48.26,1.5565,70.65,25.14,227.43,0
4,10337.3,316.37,52.49,1.7823,79.49,27.58,262.99,0
4,10290.5,313.69,58.63,1.8118,76.34,25.82,272.78,2
1,7749.8,281.27,51.46,1.5766,71.21,25.15,233.42,0
1,7567.1,317.56,49.84,1.5707,74.12,25.4,232.21,0
2,8916.3,323.3,52.52,1.6105,74.27,23.09,234.74,0
1,8218.1,311.83,49.63,1.6827,73.84,23.79,231.7,1
3,7188.4,252.4,48.33,1.4823,71.94,22.27,212.36,0
5,8789.0,353.68,51.87,1.6951,77.49,26.95,246.76,1
4,10417.2,318.49,53.63,1.6664,81.62,26.73,270.45,1
3,6910.1,332.94,46.39,1.5273,78.42,25.49,229.43,1
6,9307.2,296.29,50.93,1.6112,76.82,25.22,233.4,0
4,10530.3,321.21,56.3,1.7322,76.18,23.37,262.32,3
1,8323.9,271.91,50.17,1.7882,73.38,24.84,242.41,0
5,8430.8,319.26,53.71,1.6831,74.88,27.06,253.22,0
4,10450.7,315.14,56.85,1.9303,79.49,25.25,274.4,0
4,10727.2,318.68,55.48,1.9344,83.17,24.49,272.81,3
4,10648.7,312.43,54.3,1.8246,72.01,23.18,255.85,0
4,10369.5,348.06,55.99,1.8457,83.36,26.64,281.95,3
1,8050.2,321.36,50.74,1.7703,78.84,25.06,250.68,1
4,10198.6,364.8,55.99,1.8876,80.29,23.21,269.28,3
5,8949.7,306.1,55.46,1.7218,75.99,24.13,269.05,0
2,9062.4,323.63,54.8,1.7175,73.92,23.75,252.09,2
4,10601.4,313.41,52.03,1.7657,77.69,25.02,257.23,2
1,8242.2,304.63,51.16,1.6306,74.82,25.4,234.59,0
3,7862.0,297.14,50.93,1.5913,73.58,24.63,241.22,1
3,7630.3,312.29,51.89,1.625,73.84,26.05,241.55,1
6,9851.1,346.67,51.62,1.88,79.22,25.29,262.33,3
2,9278.7,339.9,51.13,1.6218,78.74,26.38,239.0,0
2,8742.6,301.0,54.5,1.7847,76.06,24.82,264.31,1
3,7021.4,315.21,50.34,1.457,66.72,28.57,219.85,0
6,10093.9,330.24,52.11,1.8683,79.93,24.61,269.28,2
6,9682.1,320.66,51.91,1.7476,82.27,24.25,260.05,0
1,7651.4,291.41,51.0,1.5898,70.72,24.12,228.96,0
2,8771.6,306.41,51.23,1.6768,78.71,25.03,246.71,0
5,9047.0,350.88,52.68,1.5301,72.41,23.37,251.65,0
1,8110.5,314.75,50.16,1.7173,72.37,25.6,232.48,0
6,9436.1,326.94,50.05,1.5884,73.44,23.19,227.05,0
2,9448.3,319.21,56.09,1.7938,80.11,25.47,267.19,2
6,9264.9,365.94,53.46,1.6884,82.01,23.81,256.83,0
2,8744.6,339.68,51.91,1.5533,74.22,24.89,246.0,0
3,7667.6,291.36,50.35,1.5749,74.82,25.98,224.49,1
4,10524.9,330.85,58.88,1.8579,83.64,27.86,284.43,2
1,8358.8,308.09,52.46,1.5393,72.68,24.14,236.85,0
4,10691.6,340.23,57.51,1.8509,79.1,25.17,285.5,2
4,10463.5,322.48,54.12,1.7037,80.14,24.55,267.11,2
5,8956.6,326.42,52.66,1.6586,71.74,24.4,251.45,0
6,9517.1,350.83,54.19,1.7307,76.88,24.58,259.2,2
4,10420.1,310.98,54.83,1.6746,84.5,26.28,268.34,0
3,7634.4,283.67,50.5,1.496,68.84,24.84,226.98,0
3,7668.8,295.66,51.04,1.6243,73.88,27.86,226.83,1
3,7847.2,298.46,52.05,1.523,73.21,25.85,222.44,0
5,8977.6,354.73,50.45,1.6937,74.94,24.29,247.75,0
2,9014.1,337.19,53.84,1.7347,75.8,25.01,254.84,0
2,8741.1,333.15,52.79,1.6428,80.31,24.54,259.21,1
3,7621.7,299.08,50.92,1.5753,72.86,26.31,226.22,1
1,8191.0,304.95,51.75,1.6921,74.76,23.63,251.14,1
1,8261.8,284.75,50.7,1.58,77.34,23.97,243.77,2
1,8906.1,332.04,51.59,1.6374,73.68,24.8,239.81,0
5,8632.4,323.8,53.69,1.7178,70.28,26.21,244.68,0
5,8935.1,341.43,54.5,1.6895,81.02,26.82,263.31,0
5,9141.9,316.77,53.15,1.7294,75.17,26.99,245.12,1
3,7631.4,301.39,50.21,1.4994,74.11,26.07,226.16,0
5,9548.1,328.09,53.65,1.6908,73.3,25.4,250.69,0
1,8079.0,324.92,51.12,1.6447,74.03,26.37,235.1,1
6,9703.7,300.28,56.15,1.5423,71.66,24.25,237.79,2
4,10144.4,344.84,54.6,1.7438,77.87,23.49,263.33,0
6,9487.5,323.99,54.12,1.7386,73.44,26.0,257.33,0
1,8279.7,292.02,50.01,1.5808,69.16,24.42,232.51,0
3,7870.8,269.06,52.47,1.5358,69.57,25.47,233.29,0
5,8902.1,315.47,52.05,1.5075,66.36,25.68,230.23,0
3,8002.9,334.09,50.61,1.6017,68.89,25.83,233.36,3
3,7569.6,333.41,52.52,1.5828,74.56,26.59,239.22,1
1,8093.7,315.43,52.69,1.6665,73.64,26.48,228.6,0
3,8465.3,348.43,48.37,1.5963,70.58,25.79,232.21,0
2,9126.2,319.61,52.89,1.6712,76.62,25.1,243.89,0
2,8769.8,333.63,53.03,1.722,71.44,25.71,236.36,1
5,8577.8,306.23,51.66,1.6114,75.66,24.94,234.18,0
4,10098.3,321.82,55.08,1.8634,76.47,25.39,281.65,3
4,10699.7,325.5,54.19,1.8984,77.13,28.5,269.55,3
3,7483.4,265.23,46.29,1.5653,69.36,25.82,207.96,0
6,9640.8,349.22,52.84,1.7963,85.42,26.13,264.47,3
1,8179.7,298.43,51.98,1.7753,69.55,24.86,239.03,1
3,7834.1,291.75,46.62,1.5424,71.97,26.77,222.66,0
1,7929.0,285.98,50.46,1.6135,73.89,26.49,236.17,0
3,7255.8,296.14,47.67,1.466,66.85,26.51,203.45,0
6,9671.8,358.13,53.97,1.6122,71.63,25.91,246.0,2
3,7792.3,343.4,54.86,1.7044,70.62,26.82,240.83,1
6,9706.4,296.87,54.56,1.7195,77.87,27.08,266.19,0
3,7341.0,294.37,50.5,1.5924,69.08,26.0,225.54,0
5,9016.8,300.57,54.51,1.7725,73.17,25.57,248.04,2
3,7362.0,318.77,51.02,1.6218,74.12,26.69,239.77,1
2,8833.1,322.32,52.17,1.5836,71.48,24.72,238.37,0
5,8497.9,302.02,53.55,1.6193,72.6,24.93,238.98,0
6,10016.4,331.49,55.56,1.5321,71.83,25.67,250.89,0
2,9202.7,312.64,53.19,1.6954,75.8,23.82,254.55,0
5,8993.6,347.99,53.36,1.7591,76.11,26.66,261.38,1
2,9399.1,333.24,52.86,1.7164,78.44,24.7,259.38,3
5,9700.0,338.76,55.59,1.6811,72.64,25.24,251.54,2
5,8253.0,262.78,51.39,1.5683,70.56,25.53,219.61,0
3,7363.7,299.8,52.6,1.6114,66.11,25.82,228.3,0
5,8602.8,352.13,50.76,1.6261,73.79,25.41,239.13,0
2,8727.7,339.88,55.06,1.8759,79.56,25.72,268.03,1
1,7855.2,273.16,52.13,1.528,69.6,25.73,209.04,0
1,8104.1,303.5,50.05,1.5566,67.48,25.32,226.19,0
3,7210.7,277.69,50.84,1.4707,67.16,24.96,211.91,0
6,9707.2,357.58,53.84,1.8528,71.64,27.01,258.02,3
1,8216.5,314.78,51.08,1.578,68.29,23.51,237.78,0
3,7753.9,291.47,50.38,1.7405,73.31,25.61,236.52,1
5,8962.5,319.2,52.77,1.5983,69.48,25.33,238.23,0
2,9193.0,274.19,55.27,1.83,74.59,26.31,260.18,0
5,8680.5,295.96,52.91,1.6609,73.2,24.26,246.71,0
2,9678.8,327.12,52.32,1.7667,74.33,25.32,250.52,0
5,8875.0,332.85,51.31,1.5726,75.4,25.76,235.71,0
4,9804.0,292.9,55.48,1.7512,72.19,27.06,249.17,3
4,10079.2,324.01,55.7,1.73,79.75,26.25,276.99,0
2,8443.0,331.05,50.76,1.6187,71.29,24.59,235.39,1
3,7605.5,277.53,53.37,1.4529,68.98,25.37,232.75,0
6,9561.0,329.3,55.89,1.7297,74.24,26.89,260.48,0
1,8050.1,309.74,50.21,1.6867,74.54,24.6,244.31,1
5,9443.5,354.74,52.81,1.7758,78.32,25.84,251.17,0
3,7775.7,301.39,50.96,1.3959,62.46,25.92,209.72,0
5,9032.4,316.27,52.64,1.5431,75.32,25.52,244.87,0
4,10102.1,346.51,58.32,1.8031,71.68,28.91,273.8,2
3,7280.3,276.21,51.93,1.6487,68.41,25.5,247.49,1
2,9011.8,315.15,53.59,1.6106,74.01,26.46,247.63,2
4,10455.4,326.81,56.37,1.9636,76.56,25.13,269.92,3
1,7606.0,301.17,52.64,1.5926,72.71,26.56,228.99,1
4,10342.3,349.04,55.96,1.6869,80.64,26.94,261.61,0
1,8204.5,320.22,52.42,1.4792,70.21,25.34,223.93,0
4,10331.2,320.17,56.37,1.8396,74.55,25.94,247.03,2
4,10139.7,334.0,55.51,1.7972,77.19,25.02,260.8,0
1,8027.3,335.13,49.99,1.6489,67.66,24.75,230.23,1
5,8743.4,301.21,52.31,1.5456,71.78,27.16,235.42,0
3,7629.1,306.53,50.42,1.6071,75.8,25.42,234.52,1
5,8993.5,315.45,51.08,1.611,69.23,23.38,220.58,3
1,8545.9,312.87,51.07,1.6053,72.18,27.98,241.14,2
2,8905.8,288.61,53.9,1.6281,71.35,25.17,245.7,0
3,7454.0,327.39,51.31,1.5953,78.29,25.78,241.26,1
2,9140.0,306.6,52.19,1.6734,72.56,27.87,227.57,0
2,9195.5,339.62,53.21,1.709,73.87,25.91,244.99,0
4,10261.1,321.69,55.0,1.7745,73.69,25.9,260.65,2
1,8452.9,301.72,52.2,1.7205,72.83,24.73,242.65,0
5,9113.5,342.08,51.05,1.5911,76.32,24.29,242.3,0
1,8613.3,332.64,50.5,1.4668,71.06,25.91,230.0,0
2,9569.1,329.02,55.27,1.8534,79.33,26.5,269.8,2
4,10122.7,345.05,52.85,1.699,78.53,26.45,259.9,0
5,8804.4,311.65,52.46,1.6572,76.74,25.59,241.99,0
2,9003.6,318.89,52.87,1.6227,73.36,26.15,234.57,0
2,8968.6,306.75,52.28,1.6268,74.86,24.11,246.38,0
6,9392.2,339.59,54.62,1.614,75.19,26.65,254.99,0
6,9124.6,307.89,56.21,1.7237,79.35,26.32,268.65,2
4,10429.7,361.46,54.02,1.8517,79.14,28.32,267.59,3
3,7354.1,295.21,52.16,1.5535,70.33,26.17,227.67,0
3,7627.5,304.27,46.74,1.5383,69.59,25.13,216.62,0
4,10145.9,345.26,57.43,1.7599,75.91,26.12,269.84,2
4,10048.1,330.96,51.65,1.8143,77.84,25.82,258.9,3
2,9075.0,314.46,57.62,1.7222,77.28,26.67,283.11,2
1,8248.3,310.19,51.59,1.432,70.3,26.22,219.01,0
1,8385.4,328.33,53.9,1.679,73.89,24.81,268.15,0
6,10299.5,321.36,56.47,1.8697,77.9,24.41,264.14,2
3,7688.7,302.3,50.74,1.5316,72.43,26.5,231.48,0
3,7755.2,305.49,51.48,1.6125,65.65,27.74,216.54,0
3,7255.2,315.37,49.32,1.4285,67.55,26.32,214.9,0
5,8388.2,310.47,54.08,1.656,68.29,27.13,244.75,0
1,8706.5,348.32,52.74,1.7975,74.85,27.36,251.19,0
1,7904.5,304.13,50.48,1.5492,68.66,26.54,230.23,0
2,8665.9,311.05,53.38,1.6271,71.84,25.36,238.37,1
3,7587.5,300.38,49.82,1.4997,66.88,26.48,203.54,0
5,8771.1,292.78,53.1,1.7681,71.83,27.6,250.45,2
3,7311.2,281.76,51.15,1.5308,65.98,26.86,219.82,0
3,7502.4,292.97,50.36,1.7276,73.12,27.1,233.64,1
6,9993.4,350.37,54.03,1.8029,79.13,25.78,261.14,2
1,7942.1,306.77,54.11,1.5734,72.39,26.07,242.88,0
4,9954.0,320.77,54.59,1.7091,75.5,26.17,250.74,0
4,10701.6,359.8,55.57,1.7751,72.34,26.25,260.84,3
3,7757.5,333.25,51.72,1.4189,70.73,27.6,232.13,0
5,8601.4,337.21,52.46,1.5929,71.59,23.74,250.11,0
2,8493.7,298.08,51.01,1.5921,73.62,26.36,244.78,2
6,9361.7,314.06,54.69,1.759,77.19,26.25,260.68,0
2,8982.5,351.45,53.21,1.846,76.51,24.83,258.98,2
4,10773.0,342.84,53.75,1.8579,83.2,27.09,270.41,0
4,10068.3,325.93,57.71,1.6438,74.99,25.56,258.86,2
6,9573.0,338.23,56.56,1.6755,74.18,25.97,263.2,2
3,7816.0,324.11,51.15,1.6336,75.67,28.4,237.37,0
2,8238.0,300.33,50.93,1.6131,72.87,27.48,237.05,1
1,8530.8,317.79,53.36,1.7663,72.61,27.01,241.41,2
3,7221.6,316.12,48.53,1.6402,76.93,26.8,242.63,1
5,8906.2,297.08,55.44,1.7824,75.58,26.21,257.29,1
1,8278.9,311.29,52.51,1.6018,72.08,28.6,244.33,0
6,9947.1,309.36,57.97,1.8569,73.84,27.29,264.88,0
4,10576.3,318.63,54.35,1.7753,82.28,25.59,264.57,0
1,7439.3,291.7,50.17,1.6155,71.08,24.88,237.12,0
2,8748.9,324.83,55.39,1.6707,74.2,27.05,248.17,0
4,10444.2,329.09,55.27,1.7176,80.1,26.37,256.01,3
2,8937.6,306.64,53.18,1.7465,76.96,24.86,246.94,1
1,8352.8,312.81,54.42,1.7724,74.79,26.91,259.31,1
4,10652.6,316.53,55.14,1.8114,80.87,26.15,276.21,0
5,8994.7,326.66,51.73,1.7992,76.22,27.04,246.05,0
1,8131.4,329.81,49.99,1.4847,74.86,26.95,225.56,0
2,8409.2,311.08,53.22,1.528,70.5,25.8,238.43,0
2,8854.2,313.75,54.2,1.7277,80.16,27.17,268.89,2
4,10533.2,342.59,57.44,1.7723,74.2,25.93,265.74,0
5,8451.1,276.45,52.01,1.5801,73.09,26.01,240.5,1
5,9002.0,328.68,50.99,1.6291,70.22,25.91,238.83,0
6,9890.7,384.63,51.71,1.7013,77.98,27.74,265.42,0
5,8840.6,315.04,57.74,1.6756,72.07,26.2,248.84,2
2,8019.6,306.07,53.44,1.6406,72.48,28.02,237.12,2
1,7791.0,319.09,52.65,1.5555,73.1,28.48,232.91,0
4,11003.6,370.66,56.85,1.8337,76.98,25.71,277.45,0
6,9425.1,341.23,50.58,1.639,75.93,23.32,240.26,1
6,8965.1,279.81,52.7,1.6168,77.96,27.68,250.63,0
2,9395.3,333.49,56.81,1.7689,71.27,26.16,258.21,0
2,9004.3,365.34,54.21,1.8079,72.97,25.59,253.27,0
1,8553.6,325.29,51.34,1.7404,76.65,25.91,247.98,1
1,8288.6,290.39,50.26,1.6215,72.38,26.1,239.38,0
4,10546.7,341.09,55.81,1.7778,78.89,27.99,262.32,0
4,10516.2,312.63,55.55,1.819,80.94,26.75,271.61,2
3,7823.2,328.25,55.55,1.686,69.58,27.99,236.61,1
2,9728.8,309.81,54.66,1.5575,73.96,27.13,248.66,0
5,9110.7,321.55,51.7,1.6266,72.59,26.25,237.38,0
3,7094.3,282.6,50.25,1.5557,68.19,26.17,228.12,0
5,8942.9,308.54,54.16,1.6427,78.59,27.22,254.55,2
6,9965.3,356.37,53.45,1.7389,71.83,27.51,245.77,0
2,9384.9,325.1,55.3,1.7239,71.4,27.71,249.74,2
2,8863.5,307.43,55.17,1.5399,69.19,26.33,250.2,2
6,9972.8,309.09,55.44,1.8201,80.98,26.82,261.01,1
4,10696.9,303.98,55.29,1.7499,75.49,27.27,257.18,2
2,9823.2,305.53,53.88,1.7625,74.68,26.21,254.99,3
4,10160.0,333.78,52.27,1.754,71.86,25.39,242.38,2
4,10237.6,350.26,54.99,1.8156,77.11,25.76,267.72,0
6,9502.0,314.44,54.78,1.7648,78.33,26.39,261.78,0
2,8843.1,345.54,52.22,1.6979,75.8,27.39,248.84,0
6,9315.2,309.55,57.79,1.6598,74.48,28.05,261.2,2
6,8715.9,311.59,53.79,1.6164,68.33,25.18,236.02,0
2,8860.9,298.04,50.24,1.5646,72.43,26.02,223.15,0
1,8318.2,329.33,49.51,1.6807,73.85,26.29,236.65,1
4,10242.2,370.42,54.39,1.8134,75.25,27.56,248.53,3
1,8819.3,285.3,55.59,1.7587,75.31,26.11,253.89,0
2,9004.3,312.82,54.85,1.8552,77.3,26.22,266.64,1
3,8013.1,330.91,53.98,1.5865,70.96,25.15,246.16,0
6,9683.7,300.48,54.95,1.724,77.82,27.24,275.82,1
6,9864.5,338.71,54.59,1.7313,76.5,26.54,255.48,0
1,8289.4,333.17,50.19,1.521,77.3,26.0,230.02,0
6,10038.0,331.83,55.73,1.7329,83.95,26.44,276.4,2
1,8217.9,320.3,52.58,1.6356,69.15,27.97,246.52,0
5,8958.8,350.24,52.72,1.6024,77.94,25.63,257.98,1
6,9717.2,361.96,56.98,1.7442,81.7,25.82,266.38,2
6,9507.7,323.47,54.82,1.6976,72.37,28.12,249.7,0
2,9129.6,310.84,56.01,1.6708,72.54,26.84,257.89,0
6,10315.0,316.91,53.51,1.8218,75.17,27.49,263.92,3
1,8113.5,326.83,56.71,1.6638,72.39,27.21,255.61,0
4,10534.2,311.18,55.48,1.7375,76.25,26.73,259.16,2
3,8002.5,303.48,53.02,1.6756,71.24,26.39,243.65,1
2,9364.9,324.86,56.0,1.8202,78.26,27.69,273.55,2
1,8203.7,301.19,52.12,1.4468,65.82,28.06,214.2,2
5,8037.3,313.45,53.92,1.6124,68.97,27.98,245.07,0
3,7765.3,351.58,52.52,1.5681,75.13,25.49,245.82,0
4,9689.8,324.4,54.22,1.7032,77.96,28.24,253.04,0
3,8070.4,300.94,50.88,1.6964,68.38,26.41,236.95,0
3,7654.2,322.47,51.23,1.5979,73.65,25.98,240.04,0
6,9919.9,333.43,54.87,1.7918,81.35,26.63,274.4,3
1,7911.3,332.93,54.54,1.6324,72.44,27.74,254.11,0
5,8303.2,314.3,53.93,1.6761,69.44,27.42,240.26,0
5,8883.4,313.25,53.25,1.6482,77.03,26.55,251.99,0
3,7589.2,271.37,52.77,1.5836,75.94,27.76,224.36,0
2,8842.7,288.11,50.21,1.6519,70.2,27.0,238.98,0
1,8227.1,277.46,51.19,1.4842,71.73,26.22,234.88,0
6,10485.6,342.17,56.19,1.93,81.99,26.07,289.28,3
6,9867.0,304.02,57.04,1.662,76.23,27.31,255.99,0
2,9335.8,345.29,54.5,1.6534,70.02,26.77,250.28,2
1,8470.1,313.72,54.53,1.5538,74.71,25.35,251.78,0
1,8673.4,311.01,54.94,1.5675,70.22,27.8,236.39,2
1,8139.2,294.34,51.31,1.6543,67.6,26.35,236.16,0
5,8142.5,320.77,52.83,1.6453,66.85,28.63,234.86,1
6,9539.7,310.46,54.56,1.8549,79.39,25.34,255.84,0
1,8459.8,295.32,52.03,1.4918,69.79,26.69,232.17,0
5,8489.7,334.78,55.01,1.6038,75.0,26.13,244.06,2
2,8943.6,324.76,51.38,1.7037,76.49,25.83,235.57,3
3,7378.6,296.94,51.39,1.6059,70.95,26.37,233.28,1
4,10880.6,351.23,58.71,1.8277,80.39,28.86,281.79,2
5,9039.8,319.6,53.33,1.6551,75.87,27.07,258.07,0
6,9808.5,334.79,53.77,1.6669,77.11,26.05,255.29,2
1,8398.9,297.68,51.78,1.721,69.98,24.91,242.44,0
2,8988.1,356.14,54.2,1.6405,72.67,25.04,249.17,0
2,9063.2,309.26,52.77,1.6782,73.95,26.35,252.19,0
2,8620.7,342.84,51.11,1.6427,73.96,26.24,233.01,0
6,8900.3,314.5,55.29,1.7938,75.59,26.7,260.72,1
5,8848.0,331.86,53.06,1.6372,78.28,24.45,249.75,0
2,9103.7,333.36,55.46,1.8165,76.29,26.85,266.55,1
6,9987.0,350.5,56.99,1.6779,74.73,28.09,262.26,2
3,8102.8,294.0,56.53,1.6708,64.42,28.75,235.63,0
4,10902.4,359.29,57.68,1.7181,77.06,24.88,267.49,3
3,7280.6,333.32,49.45,1.4794,66.72,26.09,224.9,0
1,8087.3,304.3,52.63,1.7096,69.63,26.04,226.97,1
6,9753.7,327.92,54.11,1.8054,77.14,27.14,265.3,0
1,9010.2,309.69,52.46,1.7065,74.5,25.65,254.67,0
2,9473.6,317.97,53.01,1.6913,81.75,28.84,263.0,0
2,9358.2,353.75,53.87,1.6834,77.91,27.04,268.12,2
2,8875.9,299.56,54.36,1.8419,80.12,26.87,271.55,0
1,7917.4,290.13,52.64,1.6531,73.76,28.76,243.98,0
1,8452.5,341.97,51.1,1.7294,77.7,26.99,244.52,0
5,8447.8,324.17,50.61,1.6124,72.25,27.45,235.95,0
6,9523.7,362.93,57.62,1.7236,73.23,26.19,265.56,2
1,8163.3,301.69,52.3,1.6548,70.67,25.52,236.57,0
2,9509.7,326.88,52.97,1.7353,75.74,26.36,247.21,0
4,10286.5,321.26,57.56,1.7851,75.1,29.44,260.05,0
6,8819.4,319.59,57.26,1.5776,70.7,27.73,250.0,2
5,8961.4,286.64,54.81,1.7731,74.84,27.34,246.61,0
5,8576.3,326.67,48.17,1.6021,70.39,25.97,221.33,0
4,10413.6,340.37,60.69,1.7723,72.87,28.05,258.05,2
3,7572.3,302.26,47.89,1.5765,67.15,25.56,221.16,1
2,8912.4,311.01,52.57,1.6783,73.25,25.33,251.16,0
6,9852.9,312.28,53.06,1.7251,72.69,26.45,248.57,0
5,8309.5,324.5,52.38,1.6875,72.41,29.22,252.93,0
1,8034.6,287.3,53.56,1.6814,73.53,29.16,253.81,0
5,9018.9,328.42,50.28,1.6941,76.75,26.58,246.88,0
1,8003.5,345.38,51.72,1.5715,70.92,26.34,230.88,0
5,8285.2,337.88,53.71,1.753,69.1,25.28,240.08,0
5,9013.9,292.06,52.49,1.5949,71.73,27.17,241.6,2
1,8559.4,304.49,50.92,1.7001,75.34,27.27,241.68,0
3,7585.6,311.03,51.66,1.5895,74.28,27.96,239.89,1
1,7572.5,302.03,51.38,1.6066,72.16,28.1,237.16,1
4,10625.9,311.7,55.34,1.9434,81.75,26.89,277.02,0
6,9068.8,326.69,52.25,1.7094,80.72,27.72,262.67,2
1,8298.8,311.11,53.17,1.6627,71.12,26.34,238.7,0
3,7316.0,334.93,52.29,1.6298,76.47,27.71,242.5,1
6,9228.9,316.96,52.22,1.6301,74.0,26.56,236.16,0
2,8858.6,338.47,52.29,1.7945,78.22,27.63,253.24,3
1,8141.3,286.75,52.81,1.6869,74.11,27.54,258.36,0
3,7393.9,282.83,49.71,1.4314,63.29,27.21,202.1,0
4,10588.4,349.46,56.99,1.8919,75.43,28.01,274.55,2
4,10257.3,352.34,57.43,1.7222,73.96,25.41,260.19,0
2,9313.7,305.22,53.71,1.6474,68.66,25.97,225.12,0
6,9690.0,327.02,52.84,1.7223,79.15,26.85,260.26,0
4,10176.8,307.08,55.65,1.9062,83.62,25.56,276.09,2
2,8722.9,312.69,52.89,1.6145,72.82,26.71,242.93,1
6,9072.8,334.87,53.51,1.7786,78.0,26.75,264.2,2
6,9693.0,318.79,56.28,1.8539,80.97,28.6,275.95,0
3,7486.5,297.87,52.56,1.5459,71.37,27.32,234.49,0
1,7440.9,281.51,51.85,1.6886,69.99,28.3,228.57,1
4,10228.6,320.84,55.82,1.7308,76.27,27.5,266.75,0
4,10111.7,362.87,58.65,1.7403,79.95,26.59,274.93,2
1,8704.2,317.06,55.33,1.7768,76.76,27.33,247.17,1
4,9855.1,310.36,56.86,1.631,77.58,27.99,267.6,2
6,9138.8,314.86,54.8,1.8334,76.09,28.5,268.27,1
1,8555.2,285.35,51.44,1.6297,72.35,27.05,246.2,1
5,9234.2,303.32,55.24,1.5593,69.08,25.38,254.71,0
1,7961.6,332.06,51.6,1.5554,75.73,25.31,242.72,0
5,8597.7,312.01,52.11,1.4785,69.05,26.84,230.55,0
3,7797.2,339.8,50.43,1.6247,74.67,24.63,242.73,0
1,7455.3,300.29,50.64,1.4691,73.23,29.18,221.05,0
6,9004.4,318.4,55.8,1.7131,70.58,27.87,239.47,0
1,8110.2,320.75,53.21,1.5811,70.59,26.52,232.62,0
4,10896.0,291.75,56.64,1.871,84.85,26.0,292.8,2
2,8860.6,321.16,54.02,1.7182,73.97,28.35,245.94,0
6,9632.3,325.07,53.24,1.7356,71.83,26.0,250.27,0
5,9162.8,347.54,50.22,1.7793,78.39,26.11,253.6,1
5,9474.2,341.58,51.98,1.6354,73.52,26.39,243.49,3
3,7415.4,281.16,50.17,1.4695,63.48,27.36,202.73,0
3,7594.6,325.9,50.45,1.528,73.49,27.92,231.7,1
4,10983.1,336.09,58.03,1.8572,76.03,28.55,272.35,2
5,8312.9,295.16,54.53,1.5957,73.4,28.4,255.67,0
6,9928.8,332.76,55.13,1.7126,74.07,27.25,262.9,0
1,7874.1,302.97,54.77,1.6101,74.03,28.38,243.38,2
4,10432.8,362.45,54.58,1.8337,79.41,26.52,279.42,3
1,8122.4,315.48,51.39,1.5216,63.72,25.26,220.41,0
2,8693.4,319.33,52.97,1.7091,75.13,26.52,237.49,1
5,8485.4,329.55,54.4,1.6467,72.72,26.38,245.2,1
2,9088.5,339.64,53.87,1.7022,80.09,26.57,269.39,0
5,9118.6,334.41,53.81,1.728,76.52,26.22,249.09,2
3,7558.5,328.69,48.69,1.4932,74.3,26.77,224.34,0
2,9022.4,330.2,52.74,1.7023,72.44,27.96,235.29,0
3,7782.8,308.63,54.46,1.5652,68.92,29.17,227.54,2
4,10089.1,353.28,51.48,1.7608,77.7,25.39,247.85,1
5,9036.7,317.77,55.47,1.7147,73.28,25.87,245.57,2
4,10662.2,337.88,56.96,2.0027,83.08,26.42,283.67,3
6,10433.2,365.75,55.31,1.8388,78.36,28.14,279.99,3
6,9479.6,353.47,53.21,1.6914,72.35,27.07,245.54,0
5,8653.4,315.04,56.01,1.611,70.81,26.5,251.43,0
4,10646.1,328.94,59.09,1.951,81.51,28.09,296.7,2
2,9262.1,348.22,54.54,1.6973,75.33,28.36,246.49,0
3,7428.8,316.12,51.56,1.4364,70.33,27.29,218.04,2
1,8071.0,314.46,50.97,1.6126,75.99,26.41,244.03,0
3,7773.2,299.71,52.25,1.5697,68.2,27.61,224.28,0
6,9335.2,328.66,53.22,1.5765,67.86,27.06,238.64,0
3,7468.6,301.76,51.19,1.5168,67.84,27.05,233.12,0
1,8228.7,298.56,55.3,1.6501,73.06,26.76,238.9,0
4,10718.7,340.23,56.9,1.8326,77.87,28.34,270.58,2
6,9406.5,328.25,52.97,1.7535,70.3,27.6,243.18,0
6,9010.4,312.36,52.19,1.6035,77.75,28.47,243.03,0
2,8386.7,328.52,53.72,1.807,74.02,28.8,248.19,1
3,7197.0,322.37,49.99,1.5363,72.11,27.84,222.56,0
4,9979.8,347.24,55.61,1.8392,78.8,26.78,269.16,0
2,8950.5,313.48,51.69,1.6299,69.79,28.48,235.32,0
2,8619.6,328.42,54.59,1.5547,74.98,27.86,252.28,2
2,8775.1,317.93,53.03,1.6142,77.05,30.21,247.47,0
6,9352.3,300.63,54.67,1.7135,78.54,27.69,266.96,2
5,8659.0,327.36,53.12,1.7579,76.46,28.12,248.84,3
6,10023.2,332.89,58.41,1.7246,78.78,27.67,265.05,0
5,9011.8,365.81,54.14,1.5878,69.99,27.25,237.59,0
6,9605.2,351.89,57.85,1.7952,76.68,27.07,273.09,3
1,8052.5,321.38,53.41,1.627,69.3,27.68,241.73,0
6,9461.4,328.56,57.15,1.8328,80.09,27.94,283.81,2
1,8304.9,314.3,52.98,1.5934,76.71,28.64,247.03,0
3,7786.9,287.59,52.65,1.4363,67.75,27.71,228.14,0
4,10109.6,299.9,57.41,1.837,76.07,26.86,279.52,2
3,7611.7,288.02,52.97,1.6931,71.47,27.01,234.91,0
1,7549.9,302.19,51.82,1.5671,73.98,25.92,233.92,1
2,9067.7,281.85,54.25,1.5499,67.8,29.2,253.18,0
5,9043.9,309.68,53.47,1.5843,66.77,26.78,238.4,0
2,8910.4,313.56,56.02,1.7366,74.25,28.45,260.52,0
2,9581.3,321.52,57.11,1.6685,67.16,27.69,254.24,0
6,9318.0,310.59,53.6,1.8163,75.42,27.72,247.56,3
1,8269.6,304.82,51.49,1.6983,74.52,27.26,237.97,1
6,9588.5,356.5,53.04,1.783,81.03,26.52,255.67,2
6,9567.9,337.17,55.69,1.587,74.09,26.33,253.94,2
4,10363.4,323.91,55.4,1.7528,78.03,29.3,262.35,3
1,8234.3,309.35,54.04,1.6167,74.79,27.52,246.63,1
1,8471.3,312.68,54.45,1.566,69.17,28.64,235.18,2
2,9440.9,310.03,54.38,1.7655,78.24,28.92,250.2,2
4,10399.3,320.55,58.46,1.8593,78.39,26.95,284.51,2
1,8460.9,331.26,50.9,1.4797,71.65,27.87,216.23,0
3,7375.4,293.57,53.99,1.6394,70.78,27.46,234.29,1
1,8445.1,293.19,53.0,1.6325,72.06,26.14,231.63,1
4,10156.2,330.94,52.36,1.8054,79.91,27.21,255.14,0
1,8549.0,316.16,56.01,1.7267,72.21,28.06,254.28,0
5,9507.4,289.07,56.05,1.6892,75.41,26.87,266.34,0
1,8160.9,309.04,51.74,1.682,70.3,27.06,225.48,1
2,8298.4,326.91,51.17,1.575,70.05,27.23,226.01,0
2,8824.6,325.19,52.1,1.7789,74.87,29.74,237.41,0
5,9194.2,361.27,57.25,1.6565,73.1,25.41,252.43,2
1,8377.0,334.67,51.68,1.7609,76.35,27.98,248.65,1
3,7679.7,330.56,49.67,1.5085,74.06,27.15,232.7,0
4,10722.8,388.35,56.81,2.0244,77.57,26.72,266.29,3
4,10555.0,349.75,53.66,1.7358,79.38,27.12,265.17,2
5,9189.7,324.02,52.96,1.749,72.4,28.17,240.63,0
5,9094.2,337.56,56.0,1.6472,69.77,28.23,239.26,0
3,8086.9,298.89,53.29,1.6512,69.92,27.64,238.25,0
5,8914.8,320.0,53.67,1.6775,74.15,28.64,252.06,0
2,9289.7,310.53,55.0,1.6538,76.6,28.83,254.51,0
6,9501.7,331.68,54.4,1.5277,76.41,28.34,241.28,0
4,10207.5,320.55,55.51,2.0059,80.14,26.84,277.61,0
5,9346.2,310.44,53.49,1.6812,71.6,27.99,240.03,3
6,9669.2,333.8,54.3,1.511,75.04,27.99,249.65,0
5,9057.6,317.15,52.67,1.7539,80.13,26.55,264.57,2
6,9639.6,291.34,53.06,1.7076,68.42,25.72,247.11,0
4,10212.3,306.14,56.6,1.7301,75.09,25.22,262.49,2
1,8203.5,289.59,53.92,1.5419,68.27,27.53,240.1,0
3,8059.5,292.76,51.07,1.5807,71.04,27.78,223.96,0
2,9177.7,328.41,51.76,1.7576,73.65,26.15,257.51,0
6,9052.3,323.52,54.25,1.7249,76.76,28.61,249.04,2
2,8931.1,337.42,57.34,1.846,75.75,27.62,254.64,3
2,9570.3,338.82,53.82,1.7771,71.82,28.94,259.28,3
2,8931.6,337.54,53.74,1.6532,72.88,27.87,240.69,1
4,9823.8,339.01,54.9,1.6442,76.8,26.29,256.66,0
4,11005.8,344.84,57.18,1.8744,81.97,27.97,275.46,0
6,9818.4,347.79,54.82,1.8788,85.32,28.2,293.37,0
3,7577.6,319.9,53.25,1.6139,73.9,26.86,252.87,1
2,8881.1,324.46,53.81,1.6984,70.94,25.88,254.41,3
1,8546.4,336.89,54.61,1.7341,73.73,27.58,252.1,0
1,8026.6,266.07,52.86,1.6439,71.45,26.37,244.86,1
3,7967.4,302.41,54.23,1.5827,70.04,28.7,237.16,0
6,9773.5,322.0,57.52,1.8365,77.78,27.02,280.08,2
4,10478.3,356.01,59.23,1.955,70.96,29.37,271.47,3
6,9646.6,354.4,57.71,1.6908,78.77,25.14,278.87,3
1,8144.0,283.48,54.58,1.6517,69.99,27.62,238.63,1
1,8534.6,339.28,52.78,1.786,73.73,29.05,246.33,0
6,9323.1,301.47,55.4,1.6812,79.61,26.5,258.94,0
1,7681.0,283.95,52.89,1.6161,66.36,27.3,230.37,0
1,8396.6,308.15,55.86,1.7616,73.8,27.03,253.5,0
3,7802.0,300.09,50.16,1.4771,74.09,26.73,231.09,0
6,9753.7,299.24,56.15,1.8188,76.04,27.75,262.27,2
5,8930.5,329.93,52.14,1.5982,69.16,26.06,238.3,0
1,8097.4,321.3,53.27,1.6606,77.23,27.36,258.92,1
6,9852.0,347.34,55.2,1.7385,76.39,28.05,260.59,0
6,9585.4,317.64,55.55,1.8291,73.86,27.25,274.9,1
5,8644.1,314.37,50.66,1.611,72.53,26.38,241.55,0
6,9500.2,323.95,56.49,1.7068,74.37,28.62,272.65,2
2,9646.6,356.5,55.65,1.6924,72.91,28.29,253.44,3
6,9044.8,268.48,53.78,1.6573,73.61,26.34,236.11,0
2,9159.9,303.53,56.72,1.6279,72.31,26.06,247.81,0
5,8262.7,310.99,51.71,1.5997,74.96,26.44,235.4,0
4,10365.4,314.48,56.93,1.839,78.96,28.09,267.94,2
5,8661.2,310.62,53.69,1.7438,79.03,27.79,243.23,1
4,9732.8,324.79,55.8,1.8455,75.46,28.36,271.23,3
4,10524.5,323.93,59.79,1.8517,75.09,27.13,265.78,2
4,10278.4,334.22,55.67,1.7182,72.61,26.47,261.89,0
5,8128.3,320.72,52.07,1.6044,80.15,28.5,262.11,1
5,9068.7,315.5,56.79,1.7683,76.76,26.88,259.77,2
1,8659.2,307.09,53.0,1.6234,71.04,27.7,241.25,0
5,9276.8,319.06,51.11,1.7246,80.81,25.79,251.14,1
4,10514.9,335.53,54.92,1.8699,82.76,26.87,280.95,0
2,9014.7,287.84,52.44,1.6631,68.97,28.6,228.77,0
4,10825.0,347.38,53.66,1.8147,76.59,26.71,260.38,2
6,10138.4,323.4,55.56,1.7693,76.54,28.39,270.51,2
6,9962.7,352.3,54.3,1.6748,73.85,24.93,251.05,3
6,9298.7,332.92,56.06,1.6887,75.19,26.88,246.96,0
3,7664.4,325.37,52.74,1.675,74.28,27.31,250.96,0
5,8940.6,300.15,55.59,1.6247,69.11,29.41,235.34,0
3,7020.9,290.55,48.81,1.4012,70.46,26.21,214.84,0
5,8950.2,296.09,55.6,1.8225,77.65,28.24,268.44,1
4,11127.4,329.71,60.07,1.8459,80.62,28.66,288.78,2
2,9204.8,343.79,54.57,1.7184,75.39,26.7,271.12,1
2,9471.5,350.96,55.21,1.7609,74.15,27.09,261.65,0
1,8258.5,290.18,50.81,1.6243,74.87,27.65,236.52,0
1,8176.6,301.69,53.63,1.4042,68.22,25.87,229.99,2
3,7722.0,303.57,54.54,1.6437,72.15,27.0,244.89,2
3,7338.9,311.27,52.4,1.6598,70.84,28.9,235.83,1
1,7891.6,275.13,51.47,1.6707,74.65,28.07,241.96,1
3,8005.2,279.2,52.03,1.4139,69.21,27.33,220.42,0
4,10839.1,348.04,56.27,1.9919,77.51,27.62,278.71,3
2,8682.8,280.43,53.13,1.5113,68.42,28.14,227.31,0
3,7909.8,298.97,53.6,1.5406,73.07,28.35,226.06,1
3,7572.2,306.21,51.86,1.6133,69.65,26.89,238.3,1
4,10508.7,343.08,58.68,1.8578,75.43,29.19,271.51,2
3,7747.3,302.67,53.15,1.5749,68.74,28.95,232.71,0
5,9118.2,313.72,53.07,1.6615,76.39,28.24,244.48,0
2,9026.5,334.49,52.8,1.7493,71.24,26.57,239.71,0
3,8051.3,313.7,51.06,1.5588,68.87,26.38,219.65,0
3,7699.0,293.04,51.42,1.4786,74.01,27.14,237.05,1
2,9199.7,321.88,57.17,1.8275,74.41,27.57,272.88,1
5,8533.4,320.76,55.51,1.7232,76.79,25.55,258.35,3
2,9690.8,357.53,56.62,1.8495,75.85,28.04,264.13,3
2,9150.3,334.81,54.98,1.7592,75.26,28.92,246.13,2
5,9028.2,341.17,52.08,1.8623,75.73,28.13,259.03,0
6,9085.4,308.95,54.13,1.7156,79.06,26.76,254.09,2
5,8536.7,304.47,51.58,1.6713,77.5,26.62,239.02,2
6,9996.1,325.72,58.29,1.8973,80.68,27.83,282.57,3
6,9691.8,324.03,52.42,1.6792,73.94,27.33,243.77,2
3,6987.6,278.72,51.55,1.5469,65.68,27.98,210.33,0
5,9132.3,343.24,53.04,1.4989,78.06,28.16,236.13,0
2,8826.0,332.99,54.16,1.7226,79.21,28.7,260.72,0
3,8051.6,303.07,52.97,1.6402,75.95,26.25,241.14,1
4,10371.9,345.64,57.88,1.8235,78.19,27.74,278.52,2
6,9665.5,330.33,54.75,1.7043,78.68,27.1,261.37,0
6,9977.3,342.71,56.68,1.8843,79.77,27.39,282.47,1
3,7312.8,276.24,50.59,1.495,70.15,28.45,217.47,0
4,10082.3,328.28,56.52,1.8153,77.68,28.56,270.97,0
2,8937.1,317.26,56.1,1.7098,74.62,29.03,261.07,0
5,9064.7,330.94,54.78,1.7202,72.28,27.96,246.29,0
4,9974.1,318.4,54.61,1.8491,74.17,27.37,267.22,0
4,9866.2,283.53,54.77,1.7408,72.84,27.21,242.87,0
5,9063.6,300.23,54.87,1.7129,68.6,25.58,239.43,0
4,10207.0,331.18,54.75,1.7993,77.86,28.96,253.16,2
1,8074.5,309.97,50.81,1.552,72.12,27.14,225.56,0
2,8405.8,342.77,54.19,1.673,76.53,28.05,250.7,3
2,8782.7,327.1,53.21,1.6882,78.54,28.24,258.82,1
5,8797.6,318.24,50.72,1.7253,78.52,26.12,247.35,1
1,8497.7,312.89,54.88,1.7176,78.05,26.47,254.07,1
2,8753.2,336.16,52.5,1.5795,71.89,29.19,226.98,0
4,10930.4,329.61,56.85,1.7939,73.97,27.81,257.91,2
5,8580.9,311.87,52.01,1.5538,76.54,26.85,243.24,0
4,10181.4,312.39,55.3,1.8125,81.45,27.35,277.37,2
6,10092.0,356.55,54.78,1.8323,83.18,28.68,270.63,2
6,9667.7,333.41,56.59,1.9193,77.95,28.51,281.33,2
1,8023.4,295.52,51.88,1.6343,64.93,25.87,219.57,0
6,9550.4,322.99,57.15,1.6978,76.99,29.28,261.8,0
4,10833.0,348.34,56.35,1.8809,81.09,28.54,276.31,2
4,10869.2,335.05,60.27,1.946,83.13,27.31,305.9,1
1,7938.6,297.7,48.64,1.5823,76.46,26.17,233.28,0
4,10386.4,322.47,54.11,1.8026,80.58,28.64,255.32,0
5,8828.9,323.22,56.69,1.6655,72.24,28.0,259.24,2
4,10084.4,324.48,55.76,1.8933,73.41,25.87,276.1,2
1,8182.2,301.84,53.07,1.6066,74.05,27.22,240.09,0
4,10401.7,310.37,58.32,1.8314,74.46,30.91,265.5,2
6,9964.9,331.01,56.4,1.6423,81.87,27.49,273.61,2
5,9186.4,317.79,54.37,1.7159,69.03,26.65,257.22,0
1,8094.7,303.25,50.48,1.6936,74.02,26.36,243.77,1
6,9531.5,328.42,56.92,1.6927,76.96,29.42,252.79,0
6,9812.6,341.4,56.69,1.7367,76.15,28.4,268.76,0
2,8812.7,329.57,56.57,1.7147,71.25,29.01,255.85,2
5,8988.4,328.82,56.85,1.6614,67.73,27.74,240.78,2
3,7571.9,298.96,52.76,1.5941,69.06,28.84,240.02,0
4,10089.8,320.78,53.32,1.7199,75.06,26.53,255.44,0
3,7293.8,281.44,54.11,1.7417,73.54,27.64,256.09,1
5,9263.1,311.22,52.86,1.6194,72.13,27.78,234.17,0
6,9549.9,325.4,55.99,1.9679,77.36,28.98,275.17,1
5,9324.9,308.42,54.19,1.7649,70.44,27.81,242.53,0
6,9435.6,325.52,53.65,1.7958,77.21,26.77,260.06,1
6,9693.2,309.25,56.29,1.6123,68.02,27.52,254.83,0
1,8965.7,288.72,53.49,1.8086,80.61,25.61,253.34,2
2,8661.6,330.03,53.14,1.7028,73.61,24.9,237.32,0
5,8192.7,301.58,51.72,1.3605,62.75,28.36,217.13,0
4,10811.7,323.86,56.38,1.7128,75.98,27.04,263.73,0
1,7935.4,287.6,50.87,1.5758,68.32,27.16,233.17,0
1,8193.4,317.74,52.7,1.5917,70.51,28.36,229.6,0
4,10212.5,357.09,56.32,1.7587,76.92,28.98,266.02,0
4,10485.8,328.09,59.5,1.9144,75.61,28.03,284.72,2
2,8695.8,311.77,53.91,1.5759,70.84,29.56,240.42,0
2,8942.4,337.66,50.66,1.5853,70.97,27.99,219.85,0
1,8343.9,279.2,55.25,1.6269,74.69,27.77,268.26,0
4,10077.3,366.25,56.48,1.8798,82.23,27.7,280.13,3
1,7976.0,351.73,51.48,1.4666,72.44,26.02,220.07,0
4,10288.8,284.46,55.73,1.7495,76.08,28.48,264.54,2
3,7142.8,296.82,48.3,1.3329,66.07,24.74,206.66,0
3,7464.8,289.17,54.29,1.5615,70.59,26.78,243.03,1
5,8838.0,312.45,53.75,1.7371,74.72,27.45,257.37,1
4,10272.1,325.46,52.81,1.8142,76.59,26.56,256.34,0
5,8713.2,330.46,53.77,1.6303,75.56,26.93,236.79,1
5,8793.6,314.7,56.37,1.7517,74.96,29.45,262.63,0
6,9390.2,306.9,55.3,1.6815,71.34,28.63,238.86,0
5,9021.1,316.13,52.19,1.8112,78.48,26.66,264.04,1
4,10859.5,348.72,55.09,1.8202,78.56,26.9,263.71,3
3,7451.4,280.66,49.38,1.3549,75.76,26.01,226.61,0
2,9155.3,291.08,56.92,1.8063,75.39,28.19,260.64,0
4,10323.3,369.43,55.8,1.8411,85.46,27.14,277.33,2
1,8317.0,299.92,49.22,1.6035,76.46,25.25,230.28,0
6,10101.0,328.64,56.33,1.8259,77.84,27.52,274.29,2
6,9762.8,320.23,55.56,1.6305,73.65,27.89,248.35,2
1,7632.5,313.82,51.45,1.5532,69.06,28.46,231.57,0
5,8945.3,350.31,52.15,1.7325,77.11,27.32,246.73,1
1,8594.5,324.98,51.38,1.6685,74.28,26.99,239.49,0
5,8729.1,288.69,56.13,1.6246,70.99,29.58,247.89,0
1,8518.6,288.79,53.53,1.7457,75.39,27.4,252.42,1
3,7379.2,293.99,52.41,1.484,70.45,28.18,221.76,0
4,9924.6,324.34,55.53,1.751,79.42,26.8,270.77,2
5,8845.2,286.3,54.5,1.6364,69.85,28.15,240.27,0
3,7037.9,312.17,49.34,1.5593,73.54,25.78,230.44,0
6,9523.3,305.2,54.2,1.716,76.86,26.87,256.23,0
5,9211.8,348.21,55.54,1.86,79.86,26.05,273.7,1
2,8388.9,345.05,54.91,1.7198,77.29,26.71,254.07,3
5,8390.6,307.83,51.55,1.623,72.57,28.75,231.41,0
5,8469.7,321.07,52.43,1.6531,72.86,26.7,243.51,0
3,7579.7,281.2,53.3,1.6881,76.42,28.16,244.75,1
5,8683.0,326.74,57.1,1.715,73.05,29.04,266.68,2
6,10047.7,321.56,58.41,1.6986,79.29,27.34,273.04,2
5,9105.4,300.59,53.25,1.7546,72.84,28.46,239.51,1
5,8958.5,313.34,56.11,1.6607,67.88,27.95,241.14,0
4,10446.6,326.53,56.35,1.8294,73.56,27.49,257.68,2
2,9125.8,314.53,56.11,1.7038,75.98,28.18,266.11,2
5,8524.2,330.86,55.24,1.5609,76.21,29.38,254.83,2
3,7874.3,292.48,49.77,1.4034,72.7,26.65,221.51,0
4,10044.1,361.72,55.99,1.7602,81.84,26.29,273.66,3
2,9267.3,298.09,55.45,1.7704,75.73,26.23,259.34,0
2,9379.6,352.25,54.92,1.8091,73.63,28.44,262.67,3
1,8267.5,292.65,52.84,1.663,74.16,28.58,247.14,1
6,9543.6,324.96,51.99,1.6336,76.37,26.75,250.79,0
1,8328.1,302.79,52.91,1.5527,70.62,24.99,232.99,0
1,7284.3,293.94,51.16,1.6543,71.72,26.59,229.14,0
6,9696.7,341.09,53.77,1.6458,76.87,27.93,256.96,0
4,10363.7,361.0,55.51,1.9498,76.54,27.26,281.02,3
3,7583.8,324.85,51.94,1.7099,71.07,27.52,244.44,1
5,9026.1,312.0,52.78,1.8819,79.12,26.75,271.87,1
3,7576.1,306.65,52.07,1.6424,75.8,28.44,242.89,1
1,7835.1,292.11,49.37,1.5346,71.86,27.7,218.81,0
5,8754.8,298.45,55.91,1.7185,73.53,27.96,249.01,0
2,9021.6,298.6,54.0,1.7103,69.03,27.49,251.82,0
4,10436.8,326.93,54.65,1.8022,83.57,27.89,260.97,2
6,9651.8,330.66,51.19,1.6571,79.71,27.81,260.1,1
6,9932.6,294.85,56.58,1.7778,78.26,26.28,263.52,2
3,7252.5,298.94,52.14,1.4184,62.46,27.71,224.62,1
5,8856.2,344.71,54.34,1.7866,75.08,28.17,255.12,0
4,10812.8,359.13,58.68,1.8255,79.05,28.57,284.59,0
3,7044.9,286.96,52.3,1.5605,71.72,27.75,247.39,0
1,8257.5,285.69,52.54,1.6755,70.38,26.23,235.66,2
3,7412.7,309.82,50.54,1.6324,70.07,26.39,226.31,1
4,10281.4,291.38,55.04,1.8162,78.44,26.8,262.26,0
6,9310.5,342.4,55.12,1.7354,73.19,27.49,247.3,0
1,8145.7,305.76,54.67,1.5431,70.33,27.14,235.74,2
5,9389.2,356.24,53.79,1.8081,77.06,26.04,255.42,0
6,9195.4,290.06,56.01,1.855,78.56,26.03,260.92,2
6,9225.7,338.01,53.84,1.5948,78.26,24.96,250.44,2
3,7183.4,297.21,50.11,1.6859,73.66,23.83,237.47,1
1,8752.8,310.32,57.24,1.6572,73.91,27.12,250.83,0
2,8852.1,292.72,57.33,1.8019,78.45,29.81,268.8,0
6,9591.8,336.23,58.31,1.7345,70.31,29.23,268.59,0
6,9471.1,336.35,52.87,1.7739,82.86,26.18,254.67,1
4,10097.8,363.21,59.18,1.886,85.42,27.41,304.44,2
1,8124.8,327.52,51.63,1.5484,74.44,25.63,231.53,0
1,8986.6,308.16,52.85,1.7399,76.95,25.8,253.93,2
3,8045.5,290.43,48.3,1.5337,71.48,25.92,230.69,1
4,10127.1,306.76,56.06,1.6815,75.76,26.99,270.14,2
1,8407.2,339.0,51.07,1.5278,71.75,27.03,233.23,3
5,8533.9,299.87,53.86,1.5545,72.75,27.51,236.01,0
4,9831.6,354.79,53.61,1.7308,79.18,27.95,254.34,3
1,8526.2,323.24,55.8,1.7297,75.03,26.85,252.88,2
1,8571.2,320.22,54.04,1.6719,80.36,27.26,269.59,1
3,7934.7,301.76,55.27,1.7049,72.06,26.01,245.92,2
5,8649.6,327.04,51.01,1.5814,68.91,25.73,230.63,0
5,8746.6,315.93,55.21,1.7162,79.44,25.56,254.62,0
3,7839.9,299.59,49.39,1.52,67.3,27.92,210.25,0
2,9125.3,332.91,54.2,1.7928,73.25,26.83,253.46,0
6,9474.0,321.62,52.71,1.6152,76.47,25.14,245.29,0
3,7081.9,283.53,50.01,1.6456,70.8,27.12,226.5,1
2,9036.4,330.2,52.47,1.7067,69.97,25.82,230.34,3
3,7945.3,306.25,51.43,1.5634,69.33,29.01,227.56,0
1,7816.8,314.78,49.64,1.6048,66.82,26.55,231.24,0
2,9204.4,313.08,53.75,1.6958,76.84,27.93,248.01,2
4,10506.1,313.8,56.91,1.8816,81.5,28.37,285.74,2
6,9840.0,359.47,56.58,1.7084,73.29,26.12,235.66,0
5,9079.0,347.71,54.44,1.8129,78.88,27.25,257.88,3
5,8577.8,330.26,55.26,1.6557,77.09,27.77,242.77,0
4,9882.6,321.73,52.91,1.7148,74.16,27.29,257.52,0
1,8029.3,302.92,51.73,1.5852,65.21,27.55,229.45,0
3,7884.5,331.61,52.54,1.6486,68.86,25.69,226.95,1
6,9426.6,317.32,55.29,1.6534,73.29,27.76,253.2,0
1,7977.9,296.37,50.56,1.683,76.89,26.61,249.86,1
6,9017.2,352.89,55.48,1.6406,75.12,27.53,262.03,0
5,9360.8,322.11,53.95,1.523,71.9,28.15,237.29,0
2,9264.2,353.74,53.28,1.6591,76.57,27.87,236.14,2
5,9046.4,294.34,54.81,1.7184,69.42,27.51,240.24,2
6,9909.7,338.33,55.55,1.79,78.71,27.83,271.77,0
1,8384.5,349.51,52.29,1.5686,70.77,27.88,247.21,0
1,8121.8,309.88,52.18,1.5876,69.52,28.76,231.32,0
4,10347.6,329.07,54.22,1.8004,78.88,27.08,260.66,0
6,9463.2,303.08,53.97,1.819,80.92,27.29,281.45,0
1,9043.1,338.96,56.04,1.6699,82.63,28.13,269.92,1
4,10577.9,322.49,56.47,1.7853,74.35,26.56,256.19,0
1,8051.6,306.86,53.18,1.6056,70.09,25.63,235.02,1
4,10549.0,313.82,57.31,1.7441,79.32,27.64,278.79,2
4,10076.5,358.87,54.43,1.7124,81.9,26.86,265.04,1
1,8681.4,336.28,50.07,1.5362,66.96,25.76,226.58,0
5,8588.5,313.9,51.86,1.6419,73.75,27.63,229.91,1
6,9760.3,306.59,54.58,1.7309,74.04,28.65,244.98,2
6,9941.1,357.0,53.33,1.6556,71.04,25.28,238.88,0
1,8323.1,304.97,54.73,1.5631,68.08,28.19,234.08,0
2,9030.2,299.44,54.2,1.6425,72.02,24.27,247.23,0
2,9003.5,287.32,57.12,1.7412,73.73,26.62,264.18,0
3,7581.9,291.77,51.12,1.6814,74.1,29.08,254.48,0
1,8015.5,281.99,54.59,1.4657,72.5,26.69,232.58,2
6,9456.2,312.81,57.08,1.8303,78.46,27.15,269.53,1
5,9273.5,335.41,54.18,1.7085,75.63,27.88,248.99,0
5,8765.3,309.66,53.35,1.6829,71.3,25.15,249.76,0
2,8748.5,322.64,55.37,1.7734,73.43,27.11,262.65,1
1,8034.8,295.36,52.14,1.5643,74.1,27.1,234.32,0
6,9952.1,330.65,55.92,1.8826,80.33,29.07,287.57,1
2,9216.2,355.95,52.52,1.6009,75.53,25.66,239.76,0
4,10579.3,330.1,52.32,1.7626,74.96,26.6,259.21,0
6,9517.6,331.61,54.26,1.7246,77.08,25.99,266.62,2
1,8383.5,284.04,51.14,1.627,73.75,25.87,228.56,0
1,7994.1,335.3,50.93,1.5585,77.04,28.24,241.86,0
1,8116.9,300.7,53.01,1.6273,69.76,27.03,218.18,0
1,8510.3,332.52,50.38,1.7201,71.58,26.38,241.67,0
1,8479.8,311.06,53.95,1.6042,75.71,26.42,239.98,2
5,8485.8,324.35,53.42,1.6531,72.17,26.37,246.12,0
4,10126.2,343.47,54.67,1.8312,76.04,26.46,267.37,0
6,9634.8,317.84,54.06,1.7512,80.03,25.59,269.64,0
5,9352.4,342.53,52.27,1.7614,71.25,26.69,250.01,0
6,8987.0,305.2,54.74,1.7267,81.02,26.57,263.73,2
2,9089.1,333.98,53.82,1.6713,73.02,26.13,244.34,0
2,8559.7,307.13,53.51,1.6054,76.14,27.13,246.28,0
6,9397.0,329.66,55.27,1.7408,75.25,27.22,250.47,0
2,8883.4,309.4,52.25,1.6701,74.86,26.34,243.42,2
1,8065.4,309.62,49.72,1.6181,71.33,26.78,227.27,0
5,8629.2,295.58,55.65,1.6569,75.9,29.31,249.59,0
5,8802.3,321.28,55.48,1.6327,72.94,29.27,237.86,1
6,9428.7,324.51,53.05,1.7279,73.59,25.77,240.3,3
6,9132.0,310.73,54.15,1.8609,80.66,25.92,246.54,0
1,8449.6,311.95,54.35,1.7041,73.2,25.75,246.57,1
5,9040.9,321.86,56.08,1.835,72.34,28.08,261.19,3
6,9869.8,317.47,54.01,1.7444,71.18,26.47,231.81,0
5,8307.0,309.06,50.32,1.6985,79.06,27.17,247.54,0
5,8895.7,299.75,52.35,1.6943,71.8,29.1,240.73,1
6,9816.3,370.2,54.5,1.9418,84.73,26.88,271.15,1
3,7270.0,319.03,53.59,1.6755,72.19,27.67,238.5,1
1,8202.9,315.15,51.49,1.5319,73.17,27.46,239.95,0
3,7562.8,324.29,50.16,1.619,72.19,26.23,224.19,0
2,9589.5,289.86,54.13,1.8134,82.37,28.04,269.02,1
1,8815.8,270.94,52.15,1.562,65.19,25.94,227.77,0
1,7667.4,297.15,52.15,1.4488,71.74,28.34,222.79,0
5,9598.1,300.76,52.32,1.5841,74.28,26.21,248.62,0
4,10107.1,326.92,56.96,1.7665,76.31,26.33,269.39,2
4,10713.8,341.55,55.68,1.7261,79.25,25.65,265.4,0
5,9110.6,336.78,57.39,1.7067,74.33,25.83,275.89,0
4,10081.4,310.41,53.33,1.8136,77.12,26.37,266.1,0
4,10557.8,343.33,57.58,1.7978,78.39,24.16,262.98,2
1,8165.6,310.08,54.45,1.6026,67.98,26.57,233.77,0
6,9777.4,333.81,54.02,1.6794,77.84,26.27,272.36,2
3,7673.8,295.06,51.28,1.6101,73.4,27.69,228.66,1
1,8582.8,339.31,51.72,1.6647,72.36,27.28,239.24,2
5,8824.1,315.2,51.6,1.6035,80.34,26.03,256.36,1
5,8746.3,348.14,53.04,1.6569,79.35,26.3,257.03,1
1,8550.7,299.83,52.86,1.5744,75.82,26.54,248.4,0
2,9185.7,334.41,52.07,1.7509,78.15,28.43,257.99,3
1,8434.2,311.7,56.04,1.6866,73.17,25.88,252.73,0
2,8787.3,310.76,52.56,1.6907,77.66,25.99,245.3,0
1,7865.5,317.9,51.41,1.6255,77.4,25.54,245.22,1
5,8618.3,309.42,51.35,1.6831,76.13,25.14,241.67,0
4,10201.3,284.3,55.28,1.7844,74.01,27.1,256.26,2
6,9851.6,273.24,54.52,1.7032,74.75,26.98,263.91,0
5,9112.3,343.14,54.41,1.6801,77.38,28.17,252.88,0
4,10350.4,356.0,56.25,1.8388,81.26,27.9,286.64,3
4,10857.9,373.41,59.0,1.8696,79.74,29.38,285.48,2
1,8637.9,314.7,53.38,1.7956,71.65,26.66,246.7,1
1,8277.9,287.79,53.48,1.6489,77.4,26.45,237.96,0
4,10137.0,323.95,54.83,1.7663,73.36,25.3,270.04,3
1,8704.1,315.95,53.84,1.6741,70.56,27.49,242.48,0
1,8180.5,291.86,51.98,1.6698,67.42,26.85,216.76,0
2,9040.4,349.12,55.59,1.6293,72.25,27.43,255.24,2
6,9491.3,364.72,54.39,1.8806,81.11,25.45,269.6,1
3,7315.3,309.08,50.83,1.5691,74.99,27.09,227.75,1
5,8330.0,311.43,52.33,1.8109,72.58,26.92,252.33,1
3,7802.5,282.52,51.58,1.6166,72.55,26.84,218.55,0
2,8749.3,344.08,52.94,1.577,74.66,25.93,237.59,0
3,8579.0,315.74,53.39,1.6031,69.44,27.99,234.46,0
1,7852.5,301.17,51.82,1.7546,79.07,28.93,256.78,1
5,8397.6,321.04,53.35,1.6931,77.94,25.45,266.85,1
2,9163.2,310.25,55.52,1.723,75.76,27.45,256.37,0
3,8089.4,311.63,53.66,1.6512,69.43,23.49,241.09,0
6,9620.7,299.86,53.93,1.6939,74.43,27.39,269.14,0
4,10583.1,355.98,56.33,1.796,76.55,24.59,267.5,2
3,7010.1,295.23,47.11,1.407,69.91,26.06,212.77,0
4,10183.2,352.87,56.2,1.9437,79.02,25.19,267.96,0
5,8456.4,309.4,50.28,1.5086,71.88,26.39,240.39,0
2,8393.6,309.88,51.42,1.5867,67.98,27.54,223.26,0
4,10437.4,312.99,55.55,1.906,84.56,24.57,283.11,1
6,8882.3,331.38,52.23,1.6735,75.4,26.21,247.25,0
4,9976.9,313.98,53.69,1.6723,77.92,26.04,256.21,0
3,7428.1,292.95,51.01,1.4571,68.95,28.34,218.01,2
1,7934.0,307.29,53.23,1.598,66.57,27.07,231.7,0
2,9126.9,322.58,51.73,1.6146,74.56,25.29,252.63,0
6,9697.8,295.97,54.38,1.5704,74.15,26.06,261.97,0
4,10686.0,333.39,56.37,1.8859,80.85,28.29,276.78,2
2,9240.8,335.96,55.59,1.6924,78.57,27.35,258.32,2
3,7965.1,300.81,52.83,1.6749,74.35,25.55,238.63,2
4,10399.4,330.35,52.73,1.7903,81.11,26.26,281.01,3
4,10497.1,338.39,57.51,1.8736,84.33,26.29,286.39,0
5,8963.7,316.33,52.26,1.685,75.64,25.95,254.04,0
2,9045.3,300.95,53.21,1.6295,77.76,24.66,254.9,0
4,10272.9,332.35,53.77,1.7315,79.22,25.79,275.22,0
3,7493.6,320.32,52.37,1.4932,64.89,28.05,218.39,0
6,9338.4,303.8,57.99,1.6629,74.2,26.1,253.59,2
1,8334.9,304.94,52.63,1.6538,69.7,26.4,248.4,1
1,8169.9,285.0,51.53,1.5829,72.49,26.66,240.16,1
3,7387.8,318.21,51.6,1.4226,68.37,28.94,222.93,0
4,10188.1,330.41,53.08,1.7412,79.37,26.51,269.41,2
5,8412.7,297.24,55.41,1.6994,75.92,27.69,258.68,1
3,7913.2,308.71,52.01,1.5974,75.97,25.83,250.98,0
6,9625.2,304.21,52.72,1.7957,80.84,26.19,263.32,2
3,7323.9,281.96,49.22,1.5061,64.14,26.49,216.85,0
1,8458.7,286.76,52.32,1.7699,68.29,25.61,241.83,1
1,8020.7,289.03,53.34,1.7876,81.47,26.24,258.52,1
6,9149.9,345.08,52.32,1.5988,79.0,27.43,247.43,0
1,8526.8,300.6,54.16,1.636,73.69,25.57,243.57,0
6,9428.1,332.1,54.04,1.705,75.87,26.44,255.51,0
2,8869.2,302.51,52.13,1.6986,73.51,27.21,240.66,1
1,8213.2,324.02,51.11,1.4773,66.39,25.52,222.62,0
2,9365.6,304.55,57.39,1.685,72.18,27.63,259.56,2
4,10406.4,335.18,53.56,1.6886,77.53,26.5,257.62,2
3,7216.3,300.33,49.39,1.4476,67.73,26.23,215.52,0
5,8974.0,360.61,54.04,1.6407,73.67,24.19,243.23,0
4,10244.8,344.04,55.65,1.8566,86.53,25.99,280.34,2
3,8204.1,299.57,51.12,1.5036,71.36,26.8,217.41,0
4,10399.6,346.73,58.07,1.9201,79.19,28.3,280.49,3
6,8884.8,356.22,55.18,1.7496,76.17,27.0,251.7,0
3,7714.4,275.52,52.47,1.4855,72.47,27.61,232.36,0
1,8822.3,301.88,51.65,1.6356,71.96,25.03,232.7,3
3,8104.3,304.88,51.25,1.5182,76.41,26.22,223.19,0
6,10185.9,324.54,56.38,1.9133,78.63,27.69,289.36,3
2,8673.7,309.42,50.43,1.7081,69.12,25.37,231.14,0
6,9891.9,305.33,57.46,1.7779,75.57,27.4,276.55,2
4,10169.0,357.13,58.39,1.7593,77.48,27.14,269.18,2
4,10471.8,309.58,55.56,1.7481,76.54,26.63,274.07,0
2,8592.7,310.92,53.22,1.6348,75.1,25.96,238.23,1
6,9393.8,342.16,55.52,1.7526,78.15,25.23,264.39,0
1,7983.6,307.28,55.77,1.7579,73.74,28.26,247.55,1
2,9287.5,304.53,56.69,1.8183,75.79,26.99,282.5,2
3,7856.2,282.14,48.99,1.6244,71.25,26.67,225.45,0
3,7688.6,300.43,50.65,1.5063,63.84,25.83,220.29,0
3,7167.9,285.22,51.32,1.4668,72.25,26.32,229.35,0
1,8100.3,312.8,51.28,1.5564,74.05,26.45,234.53,0
2,8761.2,291.15,56.09,1.6641,69.78,26.71,250.8,0
1,8478.3,327.9,55.54,1.5941,74.6,27.07,258.37,2
4,10777.0,340.63,54.6,1.8664,81.05,25.39,276.88,3
3,7938.0,310.74,50.79,1.679,75.97,24.63,242.07,0
4,10158.3,357.68,54.11,1.8379,79.8,26.33,270.2,3
4,9523.3,316.88,53.14,1.7642,76.6,24.31,267.45,0
5,8234.6,297.52,51.68,1.4978,75.44,25.87,232.92,0
4,10854.9,329.54,57.67,1.9497,77.64,25.66,267.89,3
4,10271.6,329.52,54.25,1.6777,78.86,26.75,252.32,2
4,10159.8,330.12,51.99,1.7193,75.13,28.39,242.58,0
4,10925.7,325.23,53.02,1.8928,82.48,24.06,265.94,0
4,10804.9,302.44,55.69,1.8032,72.29,28.69,254.55,0
2,9007.8,308.99,52.25,1.5994,76.96,25.93,245.13,0
2,8906.1,324.44,53.7,1.6012,74.5,26.56,247.02,0
5,8757.7,318.79,50.62,1.6893,77.24,24.61,246.16,1
3,7672.7,325.99,49.79,1.5713,69.24,27.26,218.69,0
4,10912.0,375.23,54.98,1.7659,80.48,26.2,275.35,0
2,9135.2,334.16,51.79,1.7114,75.41,26.08,250.11,0
3,7832.3,331.04,49.73,1.4688,73.85,24.01,236.49,0
4,10774.2,352.32,55.29,1.8481,75.63,26.22,271.17,0
4,10025.7,361.06,56.51,1.753,80.05,27.06,268.0,2
4,10641.6,370.37,54.31,1.7675,73.18,25.86,264.11,0
3,7505.7,319.68,50.95,1.5297,69.08,27.41,225.85,0
6,8794.8,329.46,52.69,1.7039,69.04,27.35,243.71,3
4,9719.0,323.21,55.51,1.8014,78.92,25.4,271.73,0
5,8474.2,312.47,53.01,1.6106,74.53,27.85,242.23,2
5,8970.0,312.59,55.01,1.7397,75.77,26.14,257.48,2
4,10436.4,345.98,53.83,2.0002,83.3,26.14,277.66,2
6,9659.0,313.28,54.37,1.7836,74.61,26.18,250.99,1
1,8824.3,313.63,52.18,1.6724,76.01,26.14,232.36,0
6,9193.9,278.74,50.48,1.5939,73.89,23.17,231.74,0
6,9591.2,356.52,54.09,1.6934,76.54,25.85,256.09,3
4,10497.4,331.5,57.88,1.9299,82.43,24.54,293.19,3
5,8564.4,322.41,52.03,1.6397,80.74,27.83,256.21,1
4,10409.1,360.74,56.12,1.8075,77.21,27.78,266.14,2
2,8488.0,318.77,50.8,1.7553,76.22,26.96,241.31,0
5,9251.2,347.76,51.28,1.7074,76.95,25.75,246.5,0
2,8781.9,294.25,51.25,1.5688,74.4,24.9,230.73,1
2,9650.0,369.3,53.34,1.9125,78.18,25.28,250.53,1
4,10389.6,353.85,55.79,1.9357,77.3,28.13,262.32,1
6,9929.0,332.98,54.12,1.6843,64.65,25.23,246.42,0
3,7582.9,329.06,47.32,1.6687,77.01,23.39,245.01,1
3,7590.2,282.46,50.53,1.5062,68.05,27.11,225.55,0
1,8013.1,302.95,53.22,1.6585,71.09,27.62,239.14,1
1,8238.1,336.62,50.68,1.5695,72.65,27.78,222.83,0
1,8301.8,277.71,52.09,1.4856,69.1,27.09,225.88,0
1,7949.0,317.53,52.64,1.8069,73.04,27.27,250.78,1
6,9560.0,334.74,52.96,1.6149,75.97,26.0,252.91,0
6,9404.8,358.9,53.53,1.7241,74.08,23.65,254.9,0
5,9535.9,296.4,51.72,1.722,75.43,25.95,255.63,0
1,8171.3,338.86,53.67,1.6748,73.21,26.6,257.53,0
1,8694.5,305.57,53.32,1.6816,76.58,25.76,247.69,0
2,8937.4,310.27,53.18,1.6276,69.52,25.7,255.97,0
4,10483.0,313.32,57.0,1.8076,74.68,24.83,253.79,2
3,7177.2,279.37,49.37,1.5652,71.92,24.78,220.03,1
3,7456.9,309.29,50.66,1.5277,68.76,27.9,223.97,2
2,9067.4,299.72,56.44,1.6837,70.96,27.93,255.23,2
5,9307.5,335.71,56.7,1.6286,73.61,25.86,253.42,0
2,9071.0,307.85,52.39,1.823,73.94,26.17,247.29,1
1,8642.8,293.24,52.05,1.6757,72.62,24.77,254.97,0
5,9005.0,309.55,55.23,1.7115,73.48,26.55,249.42,0
6,10120.8,337.39,55.73,1.7117,73.88,27.77,250.7,0
1,8181.1,305.0,52.18,1.561,74.96,24.14,249.77,0
3,8364.9,312.63,53.69,1.7492,77.45,26.33,260.27,1
5,8644.7,327.62,52.02,1.5761,67.49,26.4,235.94,0
5,8554.7,333.59,53.44,1.657,68.69,26.38,238.88,0
6,9212.8,315.76,54.32,1.6381,78.23,27.6,245.92,0
3,8345.9,293.01,51.18,1.774,77.65,28.03,249.85,0
3,7862.2,307.85,49.72,1.5653,64.51,25.52,206.53,0
5,8693.1,324.1,52.0,1.6693,76.75,26.51,248.1,0
1,8599.7,288.3,54.11,1.7432,78.28,25.86,261.62,1
2,9220.1,305.39,54.82,1.7398,71.59,25.06,257.56,0
4,11029.2,328.38,57.79,1.8211,84.38,26.05,284.82,2
5,8304.7,307.61,53.11,1.7517,72.06,26.48,249.98,1
1,8115.1,295.57,52.55,1.6553,72.98,25.97,234.72,1
4,10252.0,345.5,55.25,1.7211,75.45,24.76,265.22,0
3,6968.4,267.76,50.39,1.4496,72.07,25.21,226.98,0
4,10739.3,309.7,56.53,1.9336,80.68,25.21,275.0,3
6,9513.5,318.64,51.38,1.7666,81.4,24.78,261.0,2
1,8436.7,309.64,51.17,1.7008,77.9,26.04,253.91,1
6,10355.1,307.72,53.91,1.7799,76.95,26.15,260.54,0
3,7487.0,291.44,52.99,1.5926,81.03,26.76,244.51,1
5,8665.2,308.1,54.9,1.7559,78.03,24.73,261.05,2
3,7638.0,296.94,47.26,1.5213,72.79,25.03,224.1,0
2,9315.9,325.21,56.9,1.7132,71.93,27.37,250.82,2
5,8618.7,302.9,52.63,1.7763,67.98,25.47,232.84,1
5,8598.1,341.18,54.16,1.6919,69.38,25.68,245.55,1
1,8538.3,322.71,53.16,1.6921,70.44,25.44,246.2,0
5,8921.2,303.6,55.87,1.9492,78.53,26.88,285.85,1
5,8145.7,311.3,52.67,1.6609,74.1,26.91,247.21,2
3,7207.9,301.52,48.62,1.4963,68.1,26.84,206.92,0
6,10080.4,352.75,54.73,1.726,77.29,25.63,273.3,0
4,10528.6,325.01,56.02,1.7759,76.98,24.64,273.14,0
3,7356.1,314.73,51.06,1.4184,73.61,27.71,213.06,0
1,8145.5,310.35,53.23,1.6545,69.43,26.52,230.46,0
5,8804.2,343.69,52.51,1.5843,75.99,25.07,240.28,0
2,9235.4,344.83,53.22,1.7826,76.76,27.13,261.07,0
5,8365.4,315.56,50.13,1.5751,70.15,24.97,211.81,0
4,10130.9,326.72,54.97,1.8393,82.48,27.1,272.44,2
3,7687.3,313.68,52.04,1.5673,70.55,27.17,236.13,0
1,8168.1,306.6,48.23,1.6412,68.98,24.52,204.77,0
5,8983.0,349.06,52.11,1.7949,78.24,26.17,259.68,3
1,7806.6,307.28,48.38,1.5452,71.8,26.38,228.63,0
3,7714.3,297.56,51.28,1.5141,72.52,28.39,224.32,1
6,9949.3,321.17,56.2,1.8121,72.5,24.69,252.91,0
6,9755.8,305.48,53.08,1.6805,78.41,27.07,249.0,0
6,9644.5,336.11,55.27,1.7045,83.72,25.51,252.0,2
6,9569.3,310.5,58.0,1.7689,71.12,24.11,258.96,2
4,10132.8,351.23,57.18,1.9137,79.02,25.34,278.97,3
2,8977.0,295.47,53.27,1.6201,71.05,25.47,232.1,0
6,10003.1,332.32,55.58,1.8942,86.12,24.29,288.7,1
5,8761.9,337.09,50.66,1.6509,78.73,25.79,246.03,0
6,9315.3,283.73,51.51,1.7382,75.03,26.49,248.52,3
4,10242.5,369.0,55.23,1.8458,74.4,25.69,259.81,2
1,8264.3,303.25,52.29,1.5679,69.1,24.83,235.63,0
4,10280.5,335.62,56.81,1.7591,80.2,25.25,280.54,2
3,7755.3,315.59,50.17,1.4123,67.12,25.4,212.09,0
6,9767.3,340.51,54.71,1.7843,72.2,25.64,259.09,0
3,7884.5,311.66,52.05,1.5076,71.94,26.61,236.09,0
2,9455.5,341.96,53.71,1.757,76.57,25.68,258.8,2
1,8518.7,323.05,51.52,1.7028,74.87,23.83,254.39,1
6,9301.0,354.01,51.91,1.6467,74.66,24.75,238.79,0
5,8510.9,323.02,52.79,1.6623,76.69,25.54,245.15,0
1,8175.8,345.3,52.56,1.675,70.6,26.59,232.96,1
3,7455.6,318.23,50.47,1.5071,73.33,26.77,232.84,2
3,7235.7,267.09,52.1,1.4756,69.94,27.29,223.77,2
3,7458.7,349.05,52.28,1.5779,74.18,25.47,232.53,0
6,9448.2,313.59,55.19,1.8657,79.27,26.16,279.52,2
1,7985.0,334.75,49.07,1.6794,71.26,23.71,241.56,1
2,8898.9,318.37,53.22,1.6475,71.99,25.78,240.13,0
2,9377.1,342.25,51.67,1.5911,70.22,24.11,225.25,0
2,9063.8,307.31,53.25,1.7006,67.39,25.22,250.12,0
6,10391.0,345.56,55.19,1.6745,77.59,28.61,263.4,2
6,9654.6,321.64,56.24,1.7758,75.56,25.6,265.71,2
1,8107.2,337.6,52.44,1.5817,69.46,24.31,232.66,0
4,10401.3,342.31,57.28,1.8978,75.15,25.7,266.79,1
2,9082.1,336.75,54.58,1.8602,80.35,24.68,264.93,2
2,9139.3,281.58,52.35,1.6287,76.62,24.18,250.91,0
2,9664.5,324.77,54.35,1.7144,71.75,27.54,246.48,3
2,8729.5,323.41,55.84,1.6377,72.53,26.4,252.47,2
3,7874.9,310.65,51.08,1.5717,73.24,25.59,233.22,0
6,9666.5,343.63,51.7,1.7442,74.48,24.77,240.62,0
4,9897.2,322.28,55.89,1.7228,73.7,24.86,268.04,2
5,9046.6,320.39,54.0,1.6986,73.46,26.89,252.86,3
3,8005.6,329.32,53.94,1.7322,76.4,25.52,254.56,1
1,7925.7,266.17,50.22,1.7132,74.65,21.78,242.58,0
1,8197.1,320.78,52.77,1.6227,70.34,27.83,224.41,0
2,8447.9,306.92,54.61,1.6806,74.51,25.36,247.07,1
2,8597.2,298.15,50.01,1.5312,72.98,25.53,219.92,0
6,9935.4,335.35,54.02,1.8462,73.5,26.33,257.86,0
6,9450.7,346.05,52.47,1.74,75.22,25.64,252.12,3
6,9245.2,340.4,50.18,1.6422,71.33,25.94,234.68,0
4,10473.4,332.78,56.51,1.8645,81.93,24.65,286.25,0
4,10232.8,348.32,53.46,1.8519,83.22,23.75,261.1,3
4,10249.3,348.37,56.52,1.8561,76.58,25.41,264.64,2
3,7836.6,304.63,52.36,1.6377,69.39,26.66,236.11,1
5,8428.2,300.24,52.69,1.7869,76.29,24.37,253.69,1
5,8510.3,302.18,51.08,1.6777,77.07,24.27,236.01,1
5,8849.3,332.42,52.03,1.7597,70.77,26.41,249.51,0
4,10710.2,337.05,55.59,1.9035,78.1,24.55,282.36,3
1,8596.2,295.73,53.56,1.6463,72.72,24.6,246.34,0
5,8587.2,284.13,52.0,1.4826,69.94,24.63,218.59,0
3,7900.0,321.87,50.0,1.5924,73.56,24.96,232.79,1
5,8549.1,304.2,49.54,1.7026,70.7,23.29,234.49,0
4,10984.4,346.78,56.16,1.7811,77.63,24.42,267.06,0
6,9237.2,343.92,52.5,1.7005,75.37,25.26,257.0,3
3,8025.1,284.72,51.33,1.5524,66.33,25.24,222.25,0
6,9389.9,322.48,53.67,1.7211,68.4,26.26,255.89,0
6,10244.2,329.61,55.02,1.7887,80.52,27.0,273.71,2
2,9189.2,327.92,54.36,1.6219,72.62,26.64,247.69,2
3,7274.9,322.33,51.43,1.6572,78.21,25.97,249.71,1
4,10232.9,308.63,57.93,1.8204,83.45,24.79,292.71,2
5,9050.0,329.81,53.88,1.5427,73.18,24.26,247.66,0
5,9136.8,339.07,55.65,1.9352,83.31,24.96,277.78,1
6,9577.4,322.0,52.76,1.816,78.96,25.57,255.44,0
3,7614.3,301.28,48.47,1.6532,68.83,25.83,215.58,1
4,10642.7,344.6,55.76,1.8129,69.91,25.6,240.88,3
3,7642.2,310.27,52.0,1.6479,73.7,24.77,240.03,1
6,9186.1,331.53,54.64,1.7428,75.34,25.76,253.2,0
2,8739.8,326.24,54.96,1.6857,75.61,26.28,251.55,2
4,10475.2,317.55,51.56,1.7944,76.75,25.85,260.93,3
1,8589.0,332.3,54.18,1.5918,70.12,24.84,238.42,0
6,10117.1,352.29,54.78,1.6906,76.36,23.95,269.75,2
3,7849.4,309.69,48.13,1.5437,74.18,23.91,222.26,0
3,7691.9,277.72,51.59,1.6509,69.28,24.1,225.13,0
4,10639.6,334.97,55.85,1.7225,77.17,25.12,255.91,0
3,7386.6,304.75,51.1,1.4079,65.49,25.4,218.42,0
6,9551.0,304.46,54.65,1.7786,75.5,23.26,265.7,2
4,10136.3,325.02,55.09,1.7154,73.26,24.26,250.9,3
4,10000.4,304.64,52.17,1.7996,79.26,25.07,251.92,0
1,8306.7,322.31,51.06,1.6643,70.62,23.81,243.86,0
1,8259.4,313.84,49.24,1.6128,71.75,25.26,219.35,0
3,7820.0,276.4,51.82,1.5962,78.07,24.44,249.71,1
6,9774.8,333.85,55.95,1.8554,75.5,23.97,261.83,0
6,9677.6,325.44,51.92,1.7575,74.59,24.82,251.38,3
4,10578.1,345.65,54.43,1.8298,80.57,25.18,276.41,2
4,10386.3,327.2,53.21,1.7205,71.56,23.81,250.8,0
3,7732.1,290.63,49.92,1.6203,75.21,24.47,232.9,0
2,8767.6,302.57,53.29,1.6708,76.87,25.24,259.47,0
1,8318.3,301.81,50.63,1.4975,74.31,23.88,233.27,0
3,7813.9,306.29,51.16,1.5271,60.12,22.89,235.74,0
2,8785.7,319.31,53.43,1.7142,73.15,23.01,235.96,0
2,9016.6,315.75,54.37,1.483,70.08,24.23,224.8,0
2,8800.4,309.19,50.05,1.705,77.58,23.23,250.88,0
1,8031.5,302.02,53.27,1.7779,75.51,24.29,250.97,1
4,10040.0,375.58,57.54,1.7432,79.67,26.5,277.53,2
6,10005.0,316.18,56.21,1.7392,72.41,23.14,250.27,0
5,9141.0,310.51,52.6,1.7159,79.59,24.34,255.56,0
3,7772.0,364.78,50.57,1.6996,72.37,26.99,238.56,1
3,8231.1,318.12,50.13,1.7371,78.97,25.08,243.27,1
2,8939.4,293.49,50.71,1.5863,74.48,24.22,238.37,0
1,9170.2,336.04,52.96,1.7373,77.06,24.44,244.51,1
4,10327.2,317.22,56.41,1.9648,75.64,25.08,275.32,0
4,10481.7,351.66,57.98,1.8408,83.34,26.46,293.49,2
1,8072.7,305.0,50.22,1.6015,74.17,24.01,225.92,1
3,7719.1,296.99,50.26,1.6414,76.03,23.75,229.3,0
2,9267.4,350.91,52.34,1.6595,76.59,23.06,255.74,0
2,8963.5,328.79,51.69,1.7967,74.53,24.68,239.65,1
5,9368.6,340.57,53.83,1.7032,77.91,23.01,261.5,0
4,10476.5,343.07,55.44,1.7539,83.2,24.04,273.21,0
4,10486.6,327.35,54.89,1.7957,81.3,23.54,267.49,0
5,8509.1,324.6,52.99,1.7018,74.08,25.71,255.67,2
6,9733.9,348.84,54.62,1.6377,70.59,23.96,251.44,0
5,8757.1,318.75,53.46,1.7168,76.71,24.95,254.31,1
4,10205.4,364.69,52.54,1.766,73.48,22.74,236.25,0
6,9351.5,338.18,54.74,1.6387,75.9,24.64,257.53,2
3,8455.0,316.82,51.66,1.5822,72.87,23.16,228.79,0
6,9515.7,329.2,52.61,1.6952,71.04,24.01,241.01,0
5,8333.8,314.14,53.01,1.6983,74.19,26.9,245.91,1
4,10176.6,309.42,55.54,1.8116,83.98,25.48,288.37,1
6,9583.5,323.8,55.27,1.7474,74.78,24.31,256.05,0
4,10574.9,340.31,54.99,1.8166,81.02,27.96,261.86,2
5,8977.5,311.26,54.32,1.8193,82.2,23.43,277.3,1
2,9216.5,327.46,53.58,1.7694,78.11,25.71,262.76,0
6,9393.6,323.71,51.77,1.6462,73.25,22.73,246.16,0
4,10508.9,349.52,54.09,1.8455,79.36,24.14,276.84,2
5,8519.7,325.65,49.65,1.5969,75.3,22.92,246.17,0
3,7401.7,304.43,47.42,1.5863,75.55,24.67,221.4,0
6,9306.3,297.76,54.24,1.7818,78.6,24.44,252.27,0
1,7819.7,338.25,53.78,1.7057,63.15,24.03,236.22,0
1,8540.5,311.39,49.81,1.56,70.37,25.56,224.83,0
4,10620.4,335.37,53.44,1.7858,78.13,23.73,260.18,0
5,9112.5,314.07,54.16,1.6188,71.11,24.71,235.5,0
5,8812.6,308.15,52.63,1.4672,61.17,25.24,220.65,0
3,7848.6,334.13,51.43,1.5325,70.04,22.7,230.19,0
4,9836.4,353.15,53.44,1.8005,77.24,23.5,257.94,0
4,10676.2,345.44,54.39,1.8544,77.0,24.37,256.16,3
6,9656.7,324.29,53.59,1.7232,72.62,25.0,256.77,0
4,10600.7,347.75,52.01,1.764,78.83,25.86,259.23,0
3,7721.6,306.27,48.63,1.5162,72.57,24.05,230.62,0
6,9284.1,318.7,54.42,1.6314,73.46,23.93,234.25,0
1,7720.6,311.01,52.05,1.5825,76.21,23.31,240.58,0
6,9372.1,315.15,55.59,1.6372,75.33,24.62,249.77,2
1,8380.8,316.73,52.16,1.7032,70.14,23.92,238.08,0
2,9220.8,325.11,49.2,1.7575,71.29,23.94,242.11,0
5,8362.3,322.84,50.5,1.4589,72.52,24.13,229.27,0
5,8486.0,302.2,54.13,1.7098,76.67,24.83,253.54,0
6,9368.6,335.84,55.5,1.7317,72.95,23.6,254.59,2
5,8685.7,299.23,53.89,1.6976,75.24,23.36,240.41,0
4,9964.1,319.3,53.93,1.7138,76.83,24.67,250.48,0
3,7144.9,289.07,46.1,1.6102,76.45,20.86,233.32,1
1,7937.0,288.01,50.51,1.6156,72.63,23.52,229.43,0
1,8227.6,328.79,50.81,1.6624,70.77,22.91,240.65,0
2,8622.2,297.4,55.0,1.6385,75.53,25.49,256.92,2
1,8162.9,297.21,51.37,1.5201,74.68,23.67,240.18,0
4,10738.7,360.72,55.09,1.8519,78.02,23.53,270.89,2
5,8383.4,301.95,51.65,1.5104,68.71,24.08,223.53,0
6,9533.9,321.49,53.75,1.8209,77.49,23.47,259.39,0
3,7927.9,288.99,51.63,1.4271,71.53,23.68,230.23,0
6,9466.2,339.12,52.16,1.6252,70.9,24.22,224.21,0
6,9416.4,338.82,51.3,1.6567,76.8,23.64,253.85,1
6,9972.3,343.0,56.07,1.7411,75.07,23.62,257.72,2
3,7502.0,312.2,47.03,1.4839,65.97,22.97,207.41,0
2,9353.4,324.21,55.16,1.7479,74.17,22.81,255.51,0
6,9737.3,317.67,50.66,1.7917,80.34,24.13,255.35,0
2,8890.3,303.12,51.54,1.7467,77.87,24.4,242.03,0
3,7753.5,328.51,51.4,1.598,75.36,22.48,238.94,1
1,8302.5,325.09,51.73,1.7875,74.1,24.88,249.78,1
5,9126.7,307.91,50.94,1.7856,76.43,24.87,235.69,1
4,10224.5,333.19,55.58,1.7746,77.8,25.1,257.09,3
1,8213.2,304.94,51.47,1.5616,68.64,24.34,233.41,1
2,8980.3,298.48,52.4,1.6132,70.73,24.71,241.53,0
4,10625.3,340.08,55.09,1.8266,76.45,26.4,267.05,2
4,10071.9,323.31,54.0,1.7354,81.62,23.66,260.38,2
5,9125.4,303.23,51.26,1.6395,77.92,22.83,250.65,0
2,9149.2,294.02,55.89,1.5188,70.36,22.28,234.71,0
6,9178.6,292.82,53.18,1.6586,74.24,25.89,245.64,2
3,7986.6,301.17,51.06,1.6529,70.44,25.9,224.0,0
5,9514.9,323.13,51.99,1.6885,75.15,22.93,245.57,0
2,9320.6,306.77,55.47,1.7016,72.95,23.14,246.41,0
1,8656.6,326.94,49.13,1.6814,78.77,23.57,247.53,0
1,8227.3,309.32,52.35,1.5425,72.49,25.26,237.7,0
3,7068.3,308.14,48.37,1.5049,70.82,22.49,214.6,1
6,9009.9,315.82,49.27,1.7126,75.16,21.74,246.7,1
1,8281.6,296.93,50.98,1.5943,68.8,26.28,221.83,0
3,7410.6,303.57,50.54,1.6186,71.04,24.23,229.2,1
1,7907.3,284.25,49.51,1.6866,74.74,24.37,232.2,0
6,9579.9,335.09,53.67,1.8268,81.18,23.64,270.81,3
5,8997.0,302.1,55.4,1.6122,70.05,24.37,248.39,0
5,8335.1,328.21,50.93,1.5418,68.19,22.18,233.39,0
5,8656.4,309.13,49.15,1.7587,73.66,22.91,238.79,1
4,10883.2,358.84,54.12,1.8884,83.39,23.95,256.55,3
5,8455.9,292.81,50.03,1.6284,73.76,21.32,231.99,0
1,8478.3,301.06,50.86,1.5733,75.15,23.48,246.92,0
6,9444.9,330.75,53.18,1.6659,71.13,23.4,240.67,2
5,8974.7,339.79,52.71,1.7168,73.1,23.46,233.08,0
5,9151.1,350.66,55.15,1.6551,68.27,23.18,245.85,3
3,7837.2,306.95,50.06,1.5228,71.18,22.68,228.75,0
5,9090.9,353.08,49.84,1.5717,68.32,21.77,220.49,0
3,7231.5,294.33,51.46,1.6684,74.55,23.92,237.12,0
1,8556.4,333.9,53.55,1.7591,79.27,23.42,252.37,1
6,9327.1,305.64,52.63,1.7389,75.23,22.23,253.55,0
2,9083.1,327.48,52.14,1.6643,69.76,23.8,237.45,0
1,8282.6,268.96,52.08,1.5309,72.74,23.4,226.58,0
4,10555.2,315.92,54.3,1.8768,83.96,23.21,275.92,0
2,9107.8,328.59,48.24,1.7327,76.6,21.34,235.56,0
6,9330.0,299.01,54.1,1.7264,78.59,24.45,268.16,3
3,7168.0,306.53,50.28,1.5815,68.6,22.33,228.89,0
1,8479.2,329.59,53.85,1.671,70.73,23.75,241.39,0
6,9659.5,317.23,51.86,1.7713,75.56,22.78,251.13,0
4,10767.8,321.0,55.35,1.7691,71.69,23.24,263.28,3
2,8985.7,310.31,53.24,1.8167,81.88,24.92,263.06,1
5,8350.3,294.47,51.67,1.5096,72.84,24.23,237.43,0
4,10709.2,335.98,55.77,1.8599,81.52,24.88,285.74,0
1,8081.5,310.73,51.07,1.6338,70.72,23.99,229.16,0
5,8909.4,312.5,52.7,1.6429,68.84,24.06,246.67,0
3,7392.8,331.46,50.11,1.6703,76.32,21.65,247.1,0
5,9326.2,309.64,54.64,1.6706,71.05,23.25,248.26,3
6,9319.5,347.56,51.51,1.6629,77.18,23.35,244.04,0
4,10292.0,314.47,54.66,1.6751,78.55,24.93,261.63,2
5,8834.4,318.49,51.13,1.6301,74.36,23.02,237.76,0
2,8650.5,336.45,50.96,1.6532,71.59,23.86,230.2,1
2,9105.8,340.53,49.98,1.7124,74.83,23.81,244.56,0
3,8115.8,301.71,51.45,1.4641,68.86,24.83,216.93,0
6,9443.1,333.86,53.7,1.8352,78.6,23.4,260.09,3
4,10526.4,343.37,54.86,1.7549,80.35,24.45,264.99,0
3,6720.2,284.2,47.83,1.4504,68.57,21.65,201.77,0
5,8787.5,327.75,51.86,1.5953,72.35,21.74,241.03,0
6,9499.8,358.02,54.28,1.8358,83.86,21.0,270.37,0
6,9338.1,331.21,52.5,1.6671,71.12,24.36,249.18,3
2,9346.1,333.0,51.26,1.6906,70.37,24.23,235.72,0
5,8695.6,327.75,52.05,1.7873,73.81,24.47,244.49,0
4,10343.2,307.48,57.11,1.8343,76.07,22.73,264.24,2
3,7479.3,310.56,47.7,1.5083,74.75,22.85,223.84,0
3,6986.6,278.55,50.01,1.5554,71.23,23.32,225.15,0
1,7837.8,295.6,52.91,1.7412,71.43,25.04,247.02,1
2,9307.5,361.3,49.73,1.7415,78.09,25.3,247.38,0
4,9724.8,322.41,54.42,1.8315,77.73,24.3,277.06,0
6,9354.8,309.58,53.92,1.6578,82.08,23.79,263.57,2
6,9472.1,344.94,53.18,1.758,77.1,24.88,249.09,0
2,9558.0,308.08,51.97,1.6619,73.0,23.12,235.4,0
5,9046.0,311.45,51.17,1.6163,75.01,22.97,243.8,0
1,8021.7,330.72,50.07,1.5017,63.86,23.25,207.37,0
5,9217.4,322.16,51.63,1.6877,74.91,22.3,248.54,1
3,7363.0,272.88,48.73,1.4976,73.37,23.18,229.08,0
3,7922.9,316.94,49.42,1.6007,74.19,22.13,237.63,0
5,8365.2,304.88,53.57,1.6361,73.73,24.48,238.56,1
3,7943.4,335.1,48.82,1.6405,74.94,23.94,238.98,1
5,8670.0,304.46,49.54,1.6674,77.09,24.91,242.67,0
4,10070.9,349.7,55.09,1.8564,82.49,21.54,270.2,0
6,9530.5,356.8,53.61,1.8205,78.24,25.41,260.05,0
4,10488.8,320.06,53.22,1.8148,76.55,21.58,262.35,3
2,8841.7,313.78,51.2,1.5754,66.11,21.98,220.64,0
5,8977.3,325.75,52.19,1.5457,77.95,22.61,246.26,0
3,7413.4,286.12,49.41,1.5794,71.9,24.72,235.65,0
4,10598.5,341.45,55.65,1.7594,79.02,23.52,273.98,2
1,8341.5,307.71,49.47,1.5658,70.41,23.0,226.09,0
1,8180.5,305.57,50.01,1.6464,75.63,22.39,239.2,0
4,10258.8,333.73,50.0,1.8279,76.68,21.74,247.57,0
2,9048.5,320.82,54.64,1.839,74.51,24.49,254.82,1
6,9776.1,330.49,53.49,1.6701,76.25,24.11,242.11,0
6,10259.8,322.08,55.87,1.7127,78.74,24.71,266.92,0
5,9100.6,310.11,53.26,1.6758,70.51,23.65,246.17,0
5,9112.3,318.1,51.99,1.7121,76.59,20.3,248.43,2
4,11388.3,344.47,55.38,1.7614,77.8,21.83,261.15,2
1,8365.1,304.12,51.96,1.5991,70.36,23.7,233.74,0
3,7755.1,311.14,48.44,1.6164,74.63,22.78,238.93,0
3,7825.3,273.41,48.12,1.4114,67.25,22.56,215.87,0
6,9277.1,308.9,51.9,1.6369,77.75,21.95,247.45,0
2,8858.0,312.4,51.25,1.6043,74.32,24.2,251.9,0
3,7438.0,286.41,52.11,1.4888,64.61,23.65,236.16,0
3,7807.2,335.21,51.04,1.6775,77.09,23.69,239.88,1
1,8144.3,309.93,49.31,1.5646,73.46,22.43,227.64,0
1,8244.2,313.87,50.55,1.6173,74.07,23.32,240.17,0
3,7948.0,298.73,50.02,1.7709,75.08,21.64,235.6,0
1,8476.2,312.95,51.1,1.5974,78.29,22.96,248.54,0
1,8148.2,287.76,50.0,1.5385,72.43,20.32,229.03,0
3,7385.6,298.18,48.9,1.5908,72.55,21.36,228.81,0
2,9363.3,306.13,50.3,1.7571,76.11,22.73,242.44,0
4,10647.6,332.13,52.38,1.8083,77.16,25.68,252.85,3
1,7686.0,258.47,48.55,1.6122,64.51,21.08,202.19,0
2,8899.8,297.59,52.24,1.6897,74.35,21.69,254.52,1
3,7653.0,330.53,49.44,1.4484,76.68,23.28,234.58,2
6,9849.2,343.29,56.23,1.8051,78.97,24.98,274.0,1
4,10691.2,361.35,54.8,1.7492,75.66,23.25,262.32,2
6,9690.8,351.58,55.67,1.9031,80.63,23.79,259.19,2
3,7787.3,317.77,51.81,1.6477,70.83,22.64,229.54,1
3,7620.5,295.67,51.3,1.3775,63.76,22.44,209.21,0
3,7384.4,282.56,47.59,1.6349,73.44,23.09,219.39,0
6,9516.4,345.32,52.6,1.7587,73.13,22.26,237.15,0
6,9606.1,326.83,55.31,1.7799,82.03,23.78,263.64,2
6,9588.9,370.37,52.68,1.7605,81.15,21.2,260.86,0
5,8196.6,303.59,52.06,1.7087,71.55,23.94,239.83,1
4,10272.8,368.51,51.87,1.6336,80.19,23.0,259.06,0
4,10418.0,331.78,57.28,1.9354,86.07,22.71,303.24,2
6,9510.0,348.66,50.82,1.812,79.83,21.13,260.09,3
2,8921.0,348.67,48.26,1.6317,76.0,21.85,233.77,3
3,7756.2,286.9,50.03,1.6938,80.72,24.24,258.09,1
6,9254.7,313.07,48.42,1.6567,75.23,22.68,225.58,3
3,7079.0,279.28,47.34,1.437,71.22,23.21,200.12,0
2,8888.6,295.64,55.53,1.604,70.35,21.93,238.68,2
4,10644.5,349.1,54.02,1.8114,73.13,22.86,261.85,0
2,9540.0,321.4,49.95,1.627,74.7,21.37,239.31,0
6,9850.3,329.3,53.45,1.632,76.7,22.98,243.92,0
6,9130.2,330.44,50.95,1.6889,76.21,23.27,239.96,1
2,8925.6,284.75,53.41,1.5873,68.46,23.21,227.01,0
4,10482.1,358.47,52.53,1.7163,81.01,21.85,251.9,3
6,9656.8,319.94,53.32,1.7075,73.05,22.46,258.25,0
5,8972.6,328.28,50.36,1.7284,76.76,23.42,244.36,0
2,8706.5,326.94,55.58,1.7217,77.27,22.59,270.87,0
4,10420.8,359.3,54.93,1.7158,77.32,22.5,255.17,2
4,10534.5,333.99,55.08,1.8164,74.87,24.9,265.3,0
4,10664.2,299.08,53.73,1.9206,82.62,21.75,275.89,1
1,7942.2,308.39,49.89,1.7651,74.9,23.98,246.41,0
2,8889.5,321.4,50.04,1.7537,74.83,21.51,244.14,1
6,8734.8,297.47,50.58,1.6002,78.26,23.49,248.71,0
2,8801.1,319.47,54.66,1.752,74.35,23.54,257.45,1
2,8832.2,310.66,50.57,1.6396,71.76,22.19,227.34,0
2,8673.7,291.24,47.46,1.4718,69.55,21.41,221.01,0
2,9053.0,331.67,49.26,1.664,74.59,20.57,236.17,3
1,8182.1,299.86,51.84,1.775,74.8,22.05,241.43,0
3,6877.1,288.33,48.39,1.6112,73.82,23.3,231.33,1
6,9669.0,318.03,52.3,1.6419,75.93,21.53,253.0,0
1,7902.9,329.17,52.1,1.6381,76.6,22.81,240.47,1
2,9155.4,319.97,50.26,1.6909,74.1,21.07,237.63,1
1,7789.8,307.11,50.9,1.4181,68.91,22.43,210.57,0
4,10409.6,326.57,52.58,1.6045,73.22,21.42,232.01,0
2,8909.4,326.33,52.66,1.6681,72.78,22.59,241.21,1
5,8897.0,342.15,50.9,1.6293,70.63,22.12,238.46,0
4,10439.9,346.5,53.28,1.7127,85.15,21.35,264.23,2
5,8718.3,328.27,52.47,1.7007,75.65,21.93,256.77,0
4,9908.4,339.9,54.13,1.838,76.68,21.61,260.37,0
3,7127.3,273.56,48.04,1.5244,75.03,21.19,223.41,1
6,9413.2,307.77,52.31,1.661,70.57,23.82,237.44,0
3,7597.4,299.88,52.05,1.6085,70.48,22.22,238.89,1
6,9405.4,310.39,52.47,1.7947,81.86,20.19,255.82,2
6,9800.1,308.64,52.26,1.5933,75.35,21.92,243.47,0
4,10310.6,299.72,53.36,1.7757,84.96,23.6,266.66,0
5,8491.2,289.17,52.36,1.6255,75.18,21.75,239.26,0
2,8911.0,313.4,52.62,1.6447,78.56,24.23,250.53,0
5,8872.3,316.35,51.02,1.8008,78.66,21.63,251.85,0
5,8904.0,303.67,52.14,1.7076,73.81,23.12,251.38,0
6,10201.1,333.63,54.81,1.6865,75.77,23.69,256.58,0
2,8785.9,308.84,51.64,1.6283,73.32,23.04,242.59,0
5,8776.5,336.17,52.8,1.7215,71.16,21.03,243.79,0
3,7736.4,302.19,51.42,1.5225,71.09,21.49,237.59,0
2,8992.5,331.45,53.24,1.7494,74.81,23.81,248.94,1
2,8839.8,320.9,53.43,1.8311,79.93,21.63,260.14,1
4,9904.2,303.71,53.76,1.8549,77.93,23.58,268.08,1
2,8836.5,315.57,52.49,1.75,82.06,22.03,257.32,2
1,7856.4,284.18,51.69,1.6054,63.68,22.65,225.08,0
3,7047.5,295.58,49.71,1.4288,65.53,20.96,225.63,0
4,10145.4,318.19,54.86,1.9528,75.64,21.81,261.05,3
2,8664.9,322.19,51.91,1.7112,78.94,21.5,261.15,1
6,9786.8,303.49,56.33,1.848,75.28,22.71,262.85,1
5,8992.3,319.18,51.0,1.5846,69.47,22.55,238.87,0
4,10110.8,341.52,53.57,1.7972,76.64,22.95,263.31,2
6,9516.7,341.02,52.08,1.7142,72.14,21.9,247.36,0
3,7005.4,283.3,47.61,1.3634,64.47,21.4,199.93,0
1,8041.8,308.78,47.19,1.5395,78.95,22.62,229.48,0
1,8327.7,314.92,52.46,1.6015,71.74,21.28,232.03,0
6,9864.0,356.35,52.05,1.8264,77.99,23.59,257.47,3
6,9371.8,296.43,52.62,1.5545,74.26,22.27,239.94,0
5,9136.6,304.1,49.6,1.6127,73.45,22.03,235.27,0
1,7715.0,355.35,50.95,1.653,70.0,22.89,221.83,1
2,8600.8,309.69,49.87,1.5141,72.3,22.29,227.9,0
1,8427.1,278.66,48.29,1.6832,73.2,20.54,240.12,0
1,8734.8,305.6,51.19,1.5984,78.33,21.19,250.04,0
2,9157.9,270.9,51.41,1.6209,76.58,23.51,243.83,2
4,10387.1,338.59,53.12,1.7311,73.83,22.43,267.95,0
1,7497.5,317.05,48.87,1.7045,74.62,20.48,230.59,1
6,8952.8,302.07,53.14,1.6407,75.48,22.71,246.51,0
3,7641.4,295.58,48.03,1.378,68.79,21.7,200.86,0
2,8885.4,334.37,49.6,1.5398,75.31,21.35,230.62,0
4,10046.1,299.0,52.95,1.8323,78.01,21.04,272.12,0
5,8821.0,293.24,52.8,1.5587,73.48,23.4,237.12,0
2,9036.8,315.3,53.25,1.7885,76.07,20.13,244.58,2
1,8502.2,299.98,48.86,1.5741,69.92,21.36,229.7,1
1,8243.7,305.39,50.09,1.6534,79.25,22.41,246.24,1
6,9993.1,307.18,55.95,1.7381,69.64,24.0,257.87,0
1,8202.6,314.09,53.89,1.5928,74.61,22.87,242.33,0
4,10363.1,331.31,51.95,1.7855,78.95,21.32,251.4,0
3,7940.6,317.23,49.57,1.5012,74.38,23.93,227.0,0
5,8486.9,316.96,50.9,1.7009,70.92,20.74,239.45,1
1,9100.6,323.83,51.09,1.6268,78.8,22.52,245.84,2
6,9720.1,300.89,51.9,1.741,75.07,22.76,251.38,0
5,8921.9,327.01,51.59,1.5468,70.51,21.24,228.07,0
3,7768.0,299.49,52.56,1.5127,67.58,22.97,228.67,0
2,9600.7,322.61,50.35,1.6683,76.26,21.63,243.36,0
6,9853.6,347.26,55.8,1.9499,71.68,22.95,258.9,2
2,8486.4,300.4,49.13,1.653,78.96,20.16,242.28,1
3,8049.1,332.86,50.9,1.568,76.46,22.54,235.15,0
3,7490.9,328.4,51.65,1.5901,77.79,21.71,245.37,0
2,9034.3,332.93,52.81,1.6252,80.81,23.43,259.33,3
3,7190.6,281.45,48.31,1.4732,68.35,22.1,216.66,0
1,8368.4,272.7,52.42,1.73,68.8,23.52,226.98,0
1,7991.6,327.33,50.04,1.5234,63.5,22.7,207.94,0
2,9032.1,321.36,52.52,1.7327,73.23,21.99,241.85,3
1,8109.1,295.79,50.3,1.5711,77.91,22.99,233.37,0
3,8216.0,331.5,52.18,1.5806,70.38,22.99,229.32,0
6,10234.3,317.07,51.65,1.7565,76.29,22.63,257.75,0
1,8214.9,302.73,47.75,1.4932,70.45,19.58,222.72,0
1,8220.5,319.87,47.72,1.6116,74.13,21.01,225.81,0
1,8080.5,288.84,50.75,1.6716,76.01,23.61,244.82,1
4,10753.9,336.32,51.45,1.7785,73.44,20.7,251.11,0
2,8894.7,337.45,50.8,1.6005,70.22,23.04,231.04,0
3,7465.2,305.92,47.77,1.6439,75.91,22.84,238.52,1
1,8513.1,336.1,52.92,1.6548,76.45,21.26,243.27,0
2,8827.7,337.51,48.88,1.594,73.78,19.86,231.68,0
3,7587.9,303.61,47.08,1.6772,76.85,21.42,225.66,1
3,7094.0,255.97,49.96,1.3753,63.94,24.32,199.99,1
4,10625.3,316.97,56.55,1.7295,80.99,21.08,263.25,0
5,9421.1,337.37,51.77,1.6328,75.67,21.15,237.92,0
3,7830.8,278.23,49.25,1.597,72.85,20.92,229.43,0
6,10067.8,324.87,55.98,1.808,68.77,23.34,252.31,0
4,10129.2,337.51,54.74,1.7227,76.51,21.73,257.13,2
2,9075.6,346.28,52.15,1.8425,77.95,21.3,254.7,3
2,8698.2,305.33,50.87,1.6327,73.21,23.54,248.33,0
2,8927.1,306.62,52.51,1.697,78.21,22.62,244.31,0
4,10647.1,336.17,51.66,1.7555,82.6,20.96,253.91,0
2,9032.6,325.67,50.11,1.7688,71.48,20.62,233.11,3
6,9148.0,317.85,54.68,1.7228,77.55,23.23,257.75,2
3,7179.2,317.86,50.8,1.402,67.24,21.97,218.21,0
6,9158.0,306.35,51.85,1.8607,74.61,20.24,255.81,1
5,8957.3,320.69,47.63,1.6687,76.66,19.97,242.17,0
3,8260.4,318.88,47.98,1.6088,70.07,20.7,222.38,0
2,9436.0,316.59,50.64,1.8336,77.99,20.56,250.58,1
5,8193.3,325.24,49.09,1.6148,71.24,19.66,238.23,0
2,9454.7,326.68,49.82,1.7328,73.68,20.7,222.45,0
2,9299.6,336.5,51.26,1.7122,78.03,20.89,249.93,0
6,9105.5,323.65,54.38,1.7325,71.99,21.38,252.19,3
3,7503.0,309.31,50.62,1.5202,68.02,23.75,233.43,0
1,8550.6,302.67,51.1,1.6555,76.58,21.59,232.23,0
3,7776.1,294.18,47.92,1.5474,71.52,21.69,218.81,0
3,7181.1,321.03,46.29,1.4091,65.77,22.43,193.35,0
6,9795.4,339.19,50.78,1.7794,79.66,21.6,242.82,0
5,8116.0,290.86,47.66,1.579,70.39,22.29,219.94,0
2,8928.7,321.47,51.71,1.6794,69.62,22.15,241.47,0
1,8564.1,271.48,51.55,1.5912,63.6,21.97,230.09,0
4,10405.9,324.13,53.55,1.9605,80.65,24.87,268.63,3
1,8040.3,325.74,50.69,1.644,69.73,22.83,234.57,1
2,9284.6,319.88,53.87,1.6546,70.86,20.63,242.18,0
1,8511.9,315.75,54.08,1.7123,75.52,22.22,255.37,0
1,8619.2,260.52,51.82,1.7565,74.66,20.93,253.85,0
6,9879.8,321.62,52.89,1.643,73.72,22.29,244.54,0
1,8546.0,320.1,51.37,1.8116,76.65,20.28,257.27,1
1,8434.5,321.16,52.3,1.6411,80.33,20.56,243.05,2
6,9685.0,343.86,49.59,1.8052,81.23,22.15,258.95,3
2,9028.6,315.53,54.42,1.7345,78.48,22.87,265.81,0
5,8724.1,312.98,50.46,1.638,74.78,22.32,244.4,0
1,7812.0,281.95,49.18,1.4363,69.36,22.7,209.03,0
1,7894.3,303.16,49.37,1.6277,71.48,22.16,227.21,1
1,8109.8,286.5,50.7,1.5031,73.12,21.93,231.57,0
5,8877.3,284.39,49.32,1.4743,68.9,21.18,223.14,0
4,10861.1,319.94,54.42,1.8842,75.79,22.62,265.86,2
3,7586.6,330.61,50.58,1.6511,67.0,22.85,234.5,1
2,9321.1,317.66,52.36,1.6516,75.9,21.65,238.38,0
1,8545.4,317.96,51.35,1.7089,73.77,21.58,240.12,1
4,10325.9,324.34,53.85,1.8196,75.2,23.45,247.88,1
2,9190.3,288.86,52.92,1.7025,76.76,21.67,255.44,2
4,10322.1,350.39,55.35,1.8712,74.64,21.77,267.94,0
5,9223.1,282.35,53.68,1.6587,71.49,22.22,265.69,0
6,9803.5,317.85,53.43,1.8018,78.78,21.57,267.86,0
3,7219.0,298.43,49.78,1.4541,73.27,20.77,225.7,0
1,8251.7,314.92,51.87,1.5005,70.07,22.08,229.95,0
2,9527.4,311.72,56.6,1.8482,76.15,21.61,265.55,3
6,9542.0,291.88,55.16,1.7499,72.15,23.68,254.31,3
4,10543.3,321.56,54.18,1.7809,77.12,22.51,263.28,2
4,10574.7,322.84,52.27,1.9268,78.38,20.98,251.45,3
3,7268.3,286.04,48.63,1.6662,71.75,22.43,228.71,0
1,8363.4,329.46,50.08,1.6509,74.53,21.96,237.44,1
6,9154.0,298.85,53.15,1.5859,75.12,23.06,256.1,0
5,8599.8,320.02,49.47,1.5726,69.99,21.04,224.93,0
6,9944.2,332.24,54.98,1.7188,78.17,21.81,256.52,2
6,9714.2,344.14,50.35,1.7299,78.6,21.49,251.37,3
2,8902.6,315.53,48.73,1.5769,76.5,21.66,234.96,0
2,9142.9,334.81,51.07,1.5606,72.8,20.61,233.8,0
2,8980.8,315.69,50.35,1.5077,77.44,22.21,228.85,0
6,9604.0,333.46,50.61,1.6698,71.69,22.03,236.28,0
4,10610.2,309.66,53.61,1.6068,76.11,22.98,247.59,0
3,7367.2,253.55,47.62,1.4603,68.14,21.55,209.89,0
6,9612.9,332.54,52.26,1.7296,71.87,21.1,249.12,0
4,10300.1,341.06,52.9,1.7094,76.87,22.42,249.77,0
6,9092.6,328.58,50.37,1.5856,75.7,20.67,236.66,0
6,9305.5,312.91,52.43,1.6305,68.72,22.73,238.91,0
1,8701.8,342.54,53.09,1.593,73.21,22.72,239.29,0
3,7723.1,296.68,52.33,1.5399,65.17,22.91,239.73,0
5,8376.5,319.72,50.85,1.6011,80.12,21.93,246.68,0
5,8307.1,322.08,50.46,1.6052,73.83,20.98,226.65,0
1,8164.1,340.74,49.85,1.5732,73.79,21.63,226.04,0
2,9499.6,318.79,53.17,1.722,76.3,21.92,246.77,1
4,10340.2,321.99,53.94,1.923,79.43,20.88,264.3,0
5,9218.2,294.43,54.51,1.7502,77.52,22.95,262.45,2
1,8312.6,339.38,47.57,1.5687,68.32,22.12,210.77,0
4,10550.8,343.64,53.11,1.7867,82.92,20.49,265.29,2
2,8572.6,322.45,52.15,1.6986,77.91,23.54,257.02,0
2,9300.0,378.4,51.9,1.6819,76.66,21.57,244.53,3
4,10292.8,339.07,51.47,1.7544,77.38,20.25,257.31,0
3,7876.2,283.2,47.15,1.4818,60.49,20.54,189.85,0
4,10139.5,328.01,55.21,1.7072,72.9,23.08,251.82,0
2,9056.7,302.08,51.13,1.645,75.85,23.45,236.89,2
5,8912.6,310.91,48.92,1.6282,78.13,22.54,241.45,1
1,8150.7,302.41,52.02,1.5925,74.67,22.88,232.43,2
6,9729.5,316.46,53.86,1.7486,75.67,22.76,268.85,0
1,8114.8,284.18,50.05,1.6114,78.11,22.03,229.25,1
5,8592.3,343.18,49.43,1.7639,77.76,21.77,252.5,1
3,8113.8,314.63,50.04,1.7753,71.14,22.0,241.95,1
3,7935.7,303.23,51.97,1.6184,79.18,22.21,248.38,1
1,7956.5,321.16,46.79,1.5299,68.62,20.58,214.61,0
5,8981.9,327.28,49.19,1.6711,69.68,22.19,241.54,0
1,7962.3,312.55,49.39,1.5357,70.67,22.98,239.76,0
4,10020.9,342.56,52.87,1.6556,74.74,21.15,246.75,2
5,9130.8,322.85,50.65,1.783,73.62,21.02,244.96,3
6,9054.7,331.67,52.71,1.7605,77.68,21.89,250.73,1
5,9096.6,333.62,52.97,1.7131,75.0,20.64,241.56,2
2,8919.1,321.04,51.08,1.7626,74.33,19.9,247.83,0
5,8732.3,312.09,52.36,1.7128,73.9,22.61,246.75,0
5,8931.1,345.79,51.48,1.5902,67.27,20.84,217.79,3
2,9186.0,312.44,51.68,1.5557,69.51,21.35,234.2,0
1,7935.6,314.33,47.3,1.4955,70.78,20.66,219.01,0
6,9829.7,335.58,51.63,1.7895,73.84,22.73,244.64,3
1,8236.3,299.63,48.36,1.6163,71.5,22.26,222.04,1
4,9998.1,315.44,52.6,1.7718,81.23,21.05,264.52,0
2,8945.6,312.03,51.09,1.7837,73.89,20.01,255.57,0
1,8642.0,306.2,48.29,1.5476,68.84,20.92,222.84,0
5,9336.5,296.46,52.26,1.7377,71.8,21.92,249.09,3
1,8429.6,301.0,49.12,1.664,78.55,21.5,235.66,0
5,8419.1,317.4,48.75,1.7867,78.41,21.4,242.32,1
5,8957.0,341.31,50.37,1.7295,77.08,21.51,249.75,0
1,8472.3,323.17,49.05,1.5569,68.17,22.11,212.28,0
2,9232.2,274.76,52.66,1.6759,74.67,21.22,247.94,2
5,9051.2,331.11,51.35,1.6796,76.25,21.76,248.45,0
4,10516.2,325.63,54.6,1.748,77.94,20.17,262.24,2
1,8176.8,318.1,50.48,1.4764,70.78,24.06,226.64,0
6,9405.3,323.2,51.19,1.7005,74.21,20.93,243.78,0
2,8392.7,308.85,53.44,1.5813,70.72,21.46,233.11,0
1,8308.7,309.56,47.88,1.4986,68.84,21.86,208.87,0
6,9659.5,325.85,54.24,1.7761,80.7,20.78,264.35,0
1,8378.4,336.36,52.97,1.6743,76.69,21.23,257.06,0
4,9972.0,329.34,54.09,1.752,75.85,21.21,263.62,0
6,9806.4,347.41,51.65,1.8688,78.21,20.21,256.07,3
4,11057.5,358.55,57.09,1.9364,81.3,21.69,281.15,2
4,10425.1,346.68,52.31,2.0075,86.26,19.39,276.19,3
3,7580.3,271.22,48.71,1.5186,73.02,23.13,221.18,0
1,8298.9,331.39,49.92,1.6874,76.21,22.06,242.15,1
4,11050.3,333.31,53.96,1.8051,79.33,21.89,273.12,3
6,9272.4,334.88,49.42,1.6077,74.04,19.27,249.25,0
1,8265.0,293.41,51.53,1.8116,76.86,20.31,245.01,1
6,9344.1,301.45,51.25,1.642,76.88,22.7,249.22,0
3,7425.0,337.25,50.64,1.3598,68.89,25.73,219.13,0
4,10384.1,317.0,51.74,1.72,78.86,22.48,252.49,3
1,8631.1,335.57,51.22,1.5159,77.04,22.3,231.75,0
4,10976.3,342.87,52.84,1.6811,72.21,21.73,249.08,0
2,9143.4,313.02,49.23,1.5534,71.46,20.21,241.49,0
2,8879.5,316.87,51.37,1.6675,75.39,22.24,244.9,0
5,9597.7,302.15,53.42,1.5064,68.68,19.92,228.34,0
1,8063.2,308.45,49.92,1.6147,66.18,19.8,220.82,0
3,7417.2,282.1,48.97,1.3699,69.12,19.73,204.78,0
4,9832.0,321.03,52.84,1.7408,77.95,22.19,256.03,3
1,8646.7,331.77,50.14,1.6209,75.94,21.05,242.85,0
2,9309.8,326.98,53.07,1.8154,80.74,21.22,258.16,3
3,8373.7,285.43,49.35,1.6175,72.43,21.09,209.34,0
4,9955.4,344.84,53.61,1.8356,75.98,19.86,261.02,3
6,10066.6,330.6,54.63,1.7051,72.61,20.36,248.67,0
6,9622.4,316.09,50.62,1.6482,74.38,20.41,235.61,0
2,9258.0,335.28,49.91,1.7211,77.91,19.54,241.23,0
1,7672.7,301.39,48.02,1.6319,73.71,20.53,230.93,3
1,8669.8,294.39,47.88,1.6649,73.94,19.89,229.12,1
4,10651.7,370.43,53.41,1.8513,81.34,21.71,274.81,3
1,8187.5,309.75,52.34,1.6729,76.83,21.79,252.81,0
2,9206.4,319.81,49.31,1.6532,75.18,19.64,235.95,0
6,9355.0,315.61,53.8,1.7854,79.76,20.73,258.66,1
6,9414.6,344.8,52.07,1.8348,73.64,23.09,251.24,1
6,9451.7,314.52,54.89,1.7096,75.04,19.97,254.22,2
2,8407.1,284.67,49.4,1.5487,70.56,21.51,213.65,0
4,10675.8,325.22,53.74,1.7945,80.87,21.16,279.12,2
4,10781.3,362.48,53.13,1.811,76.07,22.24,263.41,2
2,8775.6,331.51,49.91,1.4653,73.28,21.35,224.63,2
4,10511.4,331.04,55.59,1.7454,71.68,20.55,243.4,0
4,10315.0,358.18,54.12,1.8765,80.43,21.09,268.53,3
3,7705.0,318.22,50.84,1.5685,75.97,21.11,232.25,1
5,8599.2,309.79,48.44,1.6429,76.45,20.91,235.39,1
5,8517.3,310.7,50.89,1.8057,75.97,19.56,233.64,1
4,10736.7,344.03,53.02,1.8553,81.72,22.37,265.54,3
5,8779.6,301.6,49.22,1.4728,75.86,22.17,227.43,0
5,9447.1,324.0,51.83,1.6122,77.65,19.84,245.39,0
4,10414.8,340.12,53.71,1.7914,80.38,20.66,263.66,2
2,8703.7,285.37,50.72,1.545,70.61,20.74,229.26,0
5,9192.6,317.71,52.13,1.6847,74.16,19.71,254.58,0
5,9001.9,313.57,51.75,1.6451,74.55,18.92,238.88,0
6,9832.6,346.66,54.58,1.8382,75.91,20.23,255.75,0
1,8581.0,281.19,48.47,1.4608,67.13,20.57,203.13,0
3,7391.1,294.44,50.37,1.4819,66.16,19.38,212.67,0
6,9559.3,316.48,55.19,1.7647,76.35,21.15,251.35,2
4,10345.1,351.08,53.3,1.8368,81.34,22.23,273.47,3
6,9187.0,320.27,49.22,1.6628,74.93,21.88,236.85,0
1,8115.7,341.6,47.51,1.4721,82.69,20.81,240.86,1
1,8627.6,326.82,49.01,1.5908,70.8,18.92,236.18,0
5,8875.9,310.25,54.55,1.689,75.46,21.72,247.14,2
3,7169.3,303.18,48.36,1.6066,74.54,21.09,225.99,1
4,9902.1,322.55,51.84,1.8167,80.09,21.4,268.35,3
3,8132.7,324.93,49.6,1.6245,75.05,23.05,236.03,1
3,7571.1,279.3,46.4,1.5574,73.92,20.01,225.01,1
6,9392.8,308.49,51.88,1.7946,75.17,17.75,257.2,0
1,8112.3,317.44,49.13,1.7156,78.21,19.75,247.89,1
5,8327.3,333.66,53.69,1.7072,77.86,21.44,256.21,1
6,10055.4,290.97,53.89,1.8874,72.95,20.93,266.88,2
4,10274.2,357.76,53.98,1.7504,79.4,19.56,262.07,0
3,8037.6,305.89,48.59,1.4259,66.79,19.33,214.92,1
1,8216.5,276.47,48.01,1.6076,76.72,20.5,231.77,0
5,9257.5,267.8,49.61,1.625,74.24,19.52,242.63,0
3,7682.1,276.97,47.11,1.3723,75.03,21.46,212.7,0
1,8473.0,312.85,51.59,1.5751,72.81,20.43,224.28,1
3,7830.1,304.95,48.39,1.5145,65.28,20.19,216.35,0
6,9799.5,339.19,53.62,1.8245,85.72,20.04,266.35,1
2,9111.3,310.33,51.68,1.6166,74.89,21.16,234.34,0
2,8925.5,298.24,50.59,1.6148,70.29,20.91,239.7,0
5,9412.9,316.11,50.04,1.7197,79.15,21.08,254.9,0
2,8709.8,316.41,51.26,1.7581,80.7,21.05,251.94,0
6,9601.4,329.77,51.74,1.6552,75.37,20.77,225.3,3
6,9604.8,311.45,53.09,1.7822,75.18,19.71,257.14,2
6,9728.8,343.24,50.84,1.6377,77.54,20.04,249.84,3
6,9462.6,312.9,52.7,1.6337,71.48,20.41,244.05,0
2,9100.7,304.45,54.89,1.8095,71.9,23.11,256.92,0
2,8946.0,308.64,50.88,1.6292,80.1,19.35,246.28,0
3,7093.8,317.38,49.16,1.4556,69.97,20.37,214.25,0
3,7603.1,301.24,49.87,1.4266,68.16,20.93,208.63,0
6,9247.8,309.22,54.44,1.6337,73.16,20.49,243.0,0
5,8245.0,327.36,51.03,1.6538,76.78,22.0,244.53,1
4,10443.8,373.45,54.43,1.7993,72.42,20.48,257.92,0
6,9756.1,331.09,52.18,1.732,77.29,20.55,257.76,0
4,10568.5,358.46,52.79,1.8469,87.32,21.7,266.48,2
3,7781.5,324.25,48.09,1.5159,78.97,22.8,220.94,1
3,6981.6,285.9,50.58,1.4719,71.19,22.35,220.28,1
4,9964.5,330.09,51.0,1.6514,81.3,20.65,245.99,0
1,8831.5,294.06,52.03,1.7474,77.81,20.74,252.91,0
5,8464.9,309.42,50.96,1.6756,72.63,20.84,228.94,0
4,10595.5,325.28,55.22,1.8396,81.15,20.95,280.62,0
5,8580.2,307.13,49.24,1.6963,79.31,19.85,238.83,1
4,10425.5,321.18,52.58,1.7982,73.23,21.81,262.12,0
5,8597.4,309.4,51.18,1.656,75.3,21.0,244.87,0
6,9779.7,337.16,51.88,1.8412,77.88,20.72,250.39,3
4,10443.8,332.73,50.88,1.6842,78.26,19.37,263.75,3
3,7456.5,268.46,51.78,1.5232,69.76,20.83,228.61,1
1,7863.9,293.07,47.16,1.5044,72.09,18.68,220.1,0
5,8885.7,290.39,49.08,1.6798,74.44,20.12,236.05,0
6,9211.9,325.72,50.81,1.5996,78.92,20.14,247.88,2
5,8936.8,327.36,53.15,1.8034,76.21,21.07,258.26,3
6,10440.5,339.46,50.82,1.7953,77.5,22.82,247.8,3
6,10032.1,316.18,54.9,1.8747,73.7,21.38,259.81,0
5,9029.9,323.77,50.37,1.6367,73.07,22.34,236.92,1
4,10372.6,325.64,54.03,1.7526,78.44,21.45,265.3,0
1,7579.6,282.89,48.27,1.5498,68.0,21.97,220.72,0
1,7776.9,318.9,53.2,1.7068,75.11,22.78,248.0,1
2,9410.5,338.24,51.62,1.6578,77.37,19.93,243.91,0
3,7347.3,317.9,46.96,1.3881,74.85,19.85,212.72,0
5,8576.2,303.39,50.25,1.4601,70.94,21.46,216.64,0
3,7547.0,324.25,48.92,1.5325,68.75,20.72,222.55,0
1,7860.1,297.58,49.66,1.7118,75.3,20.96,234.35,0
2,8607.4,326.44,51.06,1.5409,74.31,20.44,233.68,0
6,9583.8,316.23,51.76,1.6782,74.92,20.06,246.94,2
6,9314.7,318.43,50.15,1.6655,77.49,22.49,244.0,0
3,7362.9,257.41,47.42,1.6563,71.43,19.5,223.86,1
5,8550.0,308.62,51.66,1.7624,68.94,21.46,231.66,1
5,8967.2,320.28,50.21,1.7227,79.15,21.28,249.99,1
6,9525.7,317.4,52.28,1.7617,74.13,18.96,246.89,0
6,9542.9,356.58,51.63,1.8304,82.52,19.78,261.98,0
4,10591.0,315.58,52.98,1.6483,73.17,19.96,254.48,0
3,7554.5,292.96,50.95,1.6154,71.73,21.31,234.96,0
4,10311.0,317.13,50.24,1.6552,76.54,20.28,240.73,0
2,9150.5,310.51,50.21,1.5825,67.82,20.59,224.98,0
3,7813.8,324.52,50.49,1.6802,74.38,19.08,248.06,1
4,10352.9,360.49,57.25,1.7753,72.01,23.24,260.1,0
4,10425.8,322.07,57.06,1.8951,76.56,20.75,273.63,3
4,10149.8,318.63,53.23,1.892,80.63,21.22,272.15,2
3,7324.6,279.74,48.88,1.3629,67.97,20.07,211.18,0
3,7846.1,329.82,50.24,1.3835,69.3,19.95,214.68,0
1,8342.4,331.94,52.95,1.7511,76.2,22.77,246.05,1
4,10545.7,334.09,53.17,1.8726,77.32,18.55,262.7,0
4,10489.9,310.26,55.07,1.8074,75.96,20.97,267.52,0
6,9614.8,302.24,52.24,1.7778,79.59,19.32,266.37,1
4,10622.9,339.92,54.32,1.8401,74.54,20.21,251.11,0
3,7899.2,316.78,47.55,1.5966,70.53,19.95,232.95,0
1,8491.6,276.22,49.28,1.5974,75.06,19.56,231.78,0
2,8967.8,312.86,50.2,1.6786,70.03,20.69,238.82,0
3,8043.8,337.61,46.45,1.5784,79.06,17.82,226.45,0
3,7673.1,300.49,46.16,1.5219,70.39,20.29,204.09,0
3,7802.4,332.64,48.43,1.5954,75.34,20.54,221.95,0
3,7690.3,316.28,47.92,1.4982,74.6,19.14,221.74,0
5,8879.0,298.15,51.74,1.5919,73.07,22.3,240.95,2
1,7964.6,302.34,50.02,1.7256,70.17,19.98,232.6,0
2,9224.4,319.15,51.61,1.6118,74.8,20.37,239.71,0
1,9110.5,303.07,50.56,1.7063,76.65,19.98,252.28,0
2,8880.1,300.22,49.37,1.6396,70.3,20.53,229.36,2
5,8822.7,344.17,52.79,1.6311,70.76,22.06,240.22,0
1,8057.2,291.04,50.53,1.6786,76.7,23.34,261.89,0
3,7443.8,321.29,48.22,1.5251,68.77,21.44,216.47,0
1,8694.2,307.78,50.77,1.5778,74.7,21.81,231.95,0
6,9384.6,322.77,51.29,1.7222,74.7,22.5,248.38,3
5,8648.3,325.24,49.76,1.5767,73.38,20.88,236.59,0
2,8492.0,302.64,50.07,1.7845,77.78,22.34,249.33,0
2,8757.6,326.56,50.57,1.6687,73.9,21.48,239.69,0
1,7653.3,267.35,50.01,1.4787,68.88,20.76,229.2,0
3,7802.2,313.74,49.95,1.5817,70.88,20.99,235.82,0
5,9695.9,282.22,53.8,1.6405,73.12,18.6,246.14,0
4,10282.7,329.03,55.18,1.7916,75.19,20.92,257.13,0
6,9066.6,335.11,53.57,1.6628,73.4,18.9,249.09,0
3,7888.0,317.97,49.41,1.5555,77.76,18.81,230.78,0
2,8767.4,293.07,51.63,1.6016,75.62,20.8,246.99,0
3,8015.8,287.12,48.18,1.7239,70.27,19.36,230.84,0
2,8909.8,305.61,52.22,1.6993,77.22,20.58,266.86,2
6,9397.8,326.73,50.7,1.6017,70.14,20.74,241.54,0
2,8943.1,281.8,48.69,1.6162,77.91,20.79,231.17,0
3,7842.5,306.03,51.22,1.6549,76.05,19.59,237.68,0
4,10327.2,339.21,51.58,1.7815,85.47,21.57,254.02,1
1,8041.0,303.36,50.17,1.5297,75.43,20.48,218.76,0
3,7536.4,312.36,47.5,1.5305,72.68,21.06,221.8,0
3,7193.0,303.15,49.4,1.5519,74.59,19.26,220.88,0
2,9127.1,310.65,53.18,1.6375,72.36,20.38,253.43,0
1,7628.2,269.06,50.2,1.464,68.75,21.78,226.69,0
1,8057.9,311.04,51.97,1.5719,72.03,21.64,232.3,0
1,8443.0,295.72,49.79,1.6085,77.26,19.69,236.41,0
3,7697.0,294.26,52.28,1.5052,68.08,19.97,235.1,0
1,8388.9,320.9,50.8,1.6059,69.97,19.48,241.17,0
6,9579.2,350.88,50.22,1.8717,77.45,19.84,247.07,1
2,9374.3,322.43,51.1,1.8077,77.8,19.02,245.95,1
4,10695.9,347.63,53.44,1.9307,76.5,20.41,263.03,3
5,8942.8,292.37,50.83,1.6235,75.83,21.25,243.54,0
3,7896.8,311.28,46.25,1.6979,76.57,19.69,228.41,1
6,9840.1,327.16,52.95,1.793,80.56,20.46,265.2,1
1,8059.4,330.78,47.21,1.6414,74.05,20.31,240.81,0
2,8570.0,304.54,46.79,1.6104,72.83,21.71,216.02,1
2,9134.5,316.13,50.41,1.6885,80.57,19.88,246.91,0
1,8374.7,331.18,48.55,1.6469,73.57,19.92,222.47,1
2,9349.0,321.18,49.82,1.735,78.47,19.62,242.11,0
2,8700.4,295.75,45.06,1.4948,79.8,19.29,225.32,0
5,8509.9,359.54,49.13,1.6325,77.5,21.13,233.68,1
2,9147.2,301.2,50.92,1.6965,70.86,20.39,240.38,0
6,9577.2,324.18,50.96,1.68,71.63,20.6,239.45,0
5,8196.6,316.4,50.95,1.6287,71.69,21.94,235.47,1
6,9720.0,331.74,55.02,1.7202,78.78,22.0,260.11,2
1,7607.2,300.26,48.86,1.5688,72.5,18.73,224.38,0
6,9297.5,318.95,53.44,1.7668,82.6,21.25,262.14,0
4,10832.5,334.93,55.84,1.8374,80.28,20.78,272.2,0
6,10184.0,311.94,51.08,1.6755,75.63,20.03,248.54,0
3,7211.0,338.02,49.02,1.5543,67.43,20.89,204.66,0
6,9494.6,320.48,52.61,1.7724,79.57,18.63,260.15,0
4,10413.6,345.29,53.26,1.8036,78.21,22.14,255.59,2
1,8770.0,310.45,49.63,1.7319,68.61,21.1,228.84,0
3,7442.3,295.48,48.98,1.5608,70.57,19.58,212.35,1
1,8047.4,300.32,46.86,1.6021,68.52,19.88,215.13,0
6,10095.6,303.15,50.25,1.7264,74.85,18.65,246.25,0
2,8880.1,314.79,49.62,1.6074,74.11,20.18,237.28,0
2,9231.1,314.22,51.89,1.5744,71.73,19.99,228.25,0
4,9927.3,350.29,52.24,1.7457,75.7,19.07,254.0,0
3,7545.2,281.46,50.7,1.3235,67.76,21.38,220.15,0
1,7668.9,293.97,48.0,1.5267,68.49,21.93,212.91,0
5,8462.3,296.91,48.58,1.5814,69.25,20.49,222.59,0
6,9868.5,354.52,53.1,1.7181,75.72,20.18,238.99,2
5,8784.0,300.97,49.6,1.5882,70.43,21.0,221.95,0
4,10297.9,343.4,52.12,1.6891,79.92,20.5,257.51,0
3,7360.4,318.43,44.92,1.5909,71.69,19.33,222.29,1
4,10329.4,330.99,53.31,1.7884,81.68,19.8,261.84,0
4,10496.4,310.68,55.74,1.7948,83.78,20.19,293.65,2
1,8514.5,289.11,48.71,1.654,74.86,20.79,236.38,0
1,7360.0,316.44,50.03,1.5587,72.48,20.52,219.42,0
2,8733.8,293.38,50.59,1.6249,75.66,20.74,247.85,0
3,7650.9,311.22,45.33,1.4825,72.99,18.83,206.8,1
1,8168.4,311.91,48.56,1.5745,72.68,21.24,228.87,0
1,8329.1,318.41,48.41,1.6843,72.94,20.51,225.61,0
6,9685.6,335.03,52.78,1.7316,72.92,23.32,238.74,2
3,7502.4,285.72,49.11,1.551,73.18,20.08,232.68,0
4,10231.4,314.99,56.09,1.8589,76.83,20.86,267.36,0
4,10321.4,346.4,52.14,1.8146,83.0,23.62,276.83,3
5,9167.6,309.52,50.6,1.7211,77.65,20.72,240.72,0
5,8565.8,264.72,48.85,1.5821,69.8,20.43,214.16,0
2,8979.9,330.46,48.5,1.7156,79.01,19.42,240.42,1
6,9658.7,307.59,52.93,1.6071,66.8,22.19,252.44,0
3,8099.3,317.5,49.04,1.5504,79.1,19.23,241.72,0
6,9503.9,349.61,49.11,1.7059,71.9,20.97,238.74,0
3,7906.8,307.28,49.07,1.6885,73.51,19.98,237.18,1
1,8594.2,332.46,48.35,1.5368,75.47,20.3,226.55,0
5,8779.6,319.34,50.02,1.6812,77.84,18.94,261.44,0
1,8132.6,338.03,52.28,1.5751,72.1,21.98,238.23,0
5,8694.7,296.52,51.14,1.632,65.86,20.2,228.87,0
1,8118.1,309.15,49.32,1.5858,71.21,19.17,233.16,0
2,9273.4,334.12,51.18,1.9254,74.75,21.88,244.87,3
4,10473.9,331.79,53.24,1.6988,70.98,19.95,240.52,2
6,9675.3,347.17,53.15,1.8517,76.89,20.87,257.78,3
3,7239.9,291.86,49.33,1.6027,66.3,21.43,224.76,0
1,7890.4,344.04,49.3,1.6319,75.1,21.02,225.48,1
2,9685.9,364.74,51.44,1.7169,76.45,18.08,248.21,0
6,9543.1,330.05,50.09,1.7562,82.61,21.27,254.33,0
5,8552.1,324.02,49.07,1.6009,72.81,20.39,219.83,0
1,8658.0,336.69,51.44,1.7433,75.75,20.14,243.23,1
3,7690.2,283.22,50.21,1.4793,69.92,20.38,225.24,0
2,9185.0,297.42,50.71,1.5986,68.69,18.73,219.63,0
2,8955.8,341.13,53.39,1.66,74.35,20.71,256.05,0
6,9498.0,329.41,51.99,1.5995,78.39,19.0,250.78,0
4,10345.7,329.73,52.66,1.8532,79.66,20.19,265.91,0
2,8557.5,314.33,48.42,1.6692,72.4,20.67,230.78,0
4,10371.9,291.14,56.0,1.7047,71.56,21.68,247.8,2
3,7694.7,301.21,49.78,1.6493,73.39,19.6,228.64,0
1,8792.1,303.16,54.23,1.5696,74.98,22.1,248.39,0
3,7627.5,320.43,52.72,1.6132,74.5,21.54,236.3,0
2,8253.1,328.69,47.56,1.5546,72.26,20.03,224.32,0
2,8969.9,329.05,48.39,1.5841,68.98,19.28,217.07,0
6,10476.6,342.36,48.12,1.7552,80.09,18.91,251.97,0
5,9077.2,292.9,52.73,1.6691,73.82,20.8,248.32,0
1,7940.5,317.98,50.02,1.5902,76.95,19.69,226.28,0
6,9789.2,339.01,52.98,1.7313,76.83,21.82,254.57,0
4,10162.6,354.2,50.59,1.8425,77.81,19.75,244.77,3
6,9166.8,358.96,50.72,1.6469,77.44,19.51,232.18,1
5,8688.5,285.11,50.92,1.7774,70.77,20.76,235.36,0
3,7629.3,296.93,49.75,1.4782,68.74,19.75,236.81,0
4,9800.9,314.45,52.73,1.7448,75.68,20.51,257.37,0
4,10032.3,333.46,54.18,1.7806,73.94,21.59,264.72,3
5,8803.3,317.08,50.55,1.6104,73.22,20.63,239.25,0
2,8869.4,313.35,52.75,1.8314,80.62,20.64,262.67,1
2,9126.3,338.89,52.32,1.7601,78.88,20.73,261.01,1
2,8611.3,294.9,47.71,1.5834,73.98,18.64,223.79,0
2,9228.5,302.77,53.78,1.851,79.74,20.94,267.46,0
1,7821.2,287.6,51.16,1.4699,68.25,20.68,229.19,0
1,8725.7,309.5,51.73,1.6806,82.08,21.49,258.83,0
6,9051.0,297.45,51.82,1.6924,72.36,21.17,249.31,0
1,7850.4,305.48,51.73,1.7079,78.46,20.28,249.38,0
6,9733.6,324.09,50.05,1.7852,82.96,21.64,268.69,0
1,8732.6,301.9,52.44,1.5868,67.43,20.19,229.13,0
5,8900.8,333.64,50.21,1.6738,79.69,20.78,260.64,1
2,9180.1,319.91,52.91,1.7675,73.91,20.17,253.53,2
4,10405.6,353.59,53.67,1.7919,76.53,21.02,256.86,2
2,8671.6,311.88,48.33,1.5556,75.35,20.1,222.75,0
3,7443.2,301.44,48.49,1.4196,67.25,22.32,205.2,0
3,7212.2,289.2,50.72,1.6557,71.53,22.73,225.5,1
4,9990.8,329.77,52.67,1.6628,73.68,21.47,245.61,2
3,7728.6,317.83,48.7,1.5729,72.37,22.21,217.33,1
4,10040.6,323.04,50.96,1.872,81.32,18.82,270.19,3
5,8902.3,327.26,51.23,1.7091,75.83,18.95,245.93,0
3,7183.4,284.39,50.76,1.4556,68.39,20.16,219.24,0
3,7694.8,318.31,45.52,1.4506,73.55,20.56,207.36,0
1,8043.6,298.04,53.88,1.7158,67.05,20.3,232.72,0
3,8050.1,323.88,49.07,1.4699,69.77,18.71,204.57,0
1,8303.6,312.44,51.36,1.5585,71.35,21.79,241.92,0
2,9395.5,350.73,51.95,1.7565,78.93,22.89,245.48,1
6,9358.2,302.17,52.18,1.6868,76.1,21.93,239.42,0
1,8218.0,283.83,50.58,1.6509,73.59,21.72,245.54,0
3,7286.1,289.05,46.7,1.3763,69.88,20.77,210.54,0
6,9467.6,299.22,50.09,1.6337,72.18,19.6,235.72,0
6,9516.1,299.79,53.78,1.8155,80.04,20.6,266.19,1
1,7967.7,318.83,47.86,1.5833,69.92,22.84,227.1,1
1,7811.0,305.85,49.66,1.5299,73.0,20.14,227.95,0
3,7147.7,289.99,47.26,1.4041,69.33,20.03,199.33,0
4,9651.3,319.2,51.04,1.7361,77.76,21.75,255.04,0
6,9262.0,311.13,55.14,1.6017,72.73,21.82,250.31,0
2,9200.8,350.92,49.43,1.7924,79.43,19.6,257.66,1
1,7688.5,291.33,47.0,1.5731,75.57,20.25,218.19,0
2,8562.2,290.39,49.79,1.5862,76.06,19.98,231.36,0
6,10173.1,346.23,51.7,1.6782,78.29,20.61,254.06,0
1,7996.3,304.08,49.94,1.5137,70.44,21.75,217.74,0
3,7702.7,341.43,48.83,1.5242,82.01,19.65,222.9,0
1,8405.5,302.99,50.95,1.6193,69.37,21.74,231.41,0
1,8412.0,327.76,49.94,1.5766,76.49,20.65,242.2,1
6,9112.9,339.72,51.16,1.7136,76.46,23.1,245.76,3
1,8126.1,300.0,50.81,1.6303,71.85,20.89,236.87,0
2,8482.2,299.93,49.98,1.685,73.44,20.44,239.19,0
6,10382.8,347.56,52.71,1.7809,76.5,21.18,256.27,0
4,9889.6,339.13,54.67,1.8616,78.39,20.18,267.58,3
1,7864.7,281.12,48.19,1.6542,72.03,18.57,236.31,1
3,7267.0,279.63,49.89,1.6216,78.75,20.29,232.84,0
6,9121.1,274.68,53.07,1.7342,77.04,20.27,258.42,0
3,8032.8,319.08,50.81,1.5653,74.2,18.8,226.24,1
4,11175.2,338.21,55.59,1.8042,81.57,20.47,269.22,2
4,10247.8,329.81,52.07,1.9106,83.67,18.28,277.99,1
4,9977.5,299.31,52.34,1.7483,72.63,20.18,239.37,0
2,8284.2,291.36,49.61,1.6328,71.52,20.83,228.66,0
6,9521.9,316.14,48.45,1.5604,69.0,20.67,238.58,0
6,9498.8,312.38,52.79,1.8489,77.22,20.11,265.1,0
1,7991.6,310.03,49.78,1.5837,74.97,20.47,228.33,0
5,8870.8,328.08,51.79,1.5693,71.09,19.7,230.09,0
5,8926.5,359.04,50.74,1.6632,80.4,20.58,247.8,0
5,8903.4,317.58,51.98,1.7573,71.78,20.63,251.65,0
3,7498.8,322.56,46.02,1.4092,70.26,19.58,202.42,0
3,7247.5,284.78,46.49,1.4285,70.17,20.87,203.23,0
6,9813.1,297.79,48.5,1.9468,80.96,20.86,262.35,1
1,8204.0,303.9,49.48,1.6274,69.43,20.39,215.46,1
5,9084.3,291.17,51.06,1.6109,74.8,23.24,233.65,0
6,9852.8,328.65,50.9,1.6602,79.18,20.43,248.78,3
5,8345.0,297.75,50.4,1.4939,74.39,20.28,230.62,1
3,7141.0,263.37,47.2,1.502,70.96,20.12,206.91,0
4,10158.2,362.99,50.16,1.8174,80.81,19.52,259.28,0
1,7862.0,296.81,53.61,1.7007,69.53,21.34,243.28,0
6,9841.7,298.78,52.02,1.6312,81.37,19.84,249.98,0
3,7712.4,321.0,46.99,1.425,71.45,19.97,224.79,1
1,8551.7,300.95,49.01,1.5845,72.16,20.0,230.47,0
5,8926.9,337.82,50.2,1.9008,79.46,19.51,249.39,1
4,10466.8,321.93,52.31,1.8188,75.49,18.67,265.89,0
4,10783.9,328.89,55.78,1.8715,79.6,20.09,270.54,0
1,8350.3,318.06,50.29,1.4918,70.62,21.56,226.03,0
5,8821.8,327.72,53.83,1.5994,82.92,20.82,254.89,0
4,10873.7,353.44,54.08,1.9028,87.29,22.32,286.12,2
5,8836.9,315.59,51.82,1.6444,73.65,21.43,237.58,0
5,8702.6,325.24,52.46,1.652,75.8,21.19,242.9,3
2,8731.9,329.47,53.41,1.6411,74.24,22.68,244.47,0
2,9225.0,325.08,53.47,1.6351,73.94,20.51,242.76,0
6,9995.9,327.39,52.25,1.6716,77.22,20.69,257.68,2
4,10383.8,308.21,53.26,1.8761,76.91,20.61,254.04,0
3,8018.5,318.99,46.24,1.4256,67.24,22.32,206.47,2
2,8369.6,312.82,49.74,1.5877,73.86,20.63,232.92,0
4,10382.3,326.76,54.72,1.79,77.46,19.91,262.74,0
5,8787.2,339.66,52.43,1.728,75.7,21.28,255.02,0
1,7967.4,281.94,48.9,1.4889,70.93,19.73,211.17,0
4,11162.8,372.38,57.49,1.952,79.39,21.22,286.44,2
6,9578.8,324.97,51.57,1.6889,78.84,21.09,243.08,1
2,8869.5,323.28,49.63,1.6399,76.14,20.43,235.36,1
2,9008.3,311.98,50.59,1.8192,79.02,21.26,244.32,0
6,8959.1,288.54,48.52,1.5625,75.15,19.01,229.32,0
1,7956.8,305.01,50.47,1.6261,71.19,20.83,227.18,0
3,7914.6,313.09,49.58,1.6625,74.11,20.14,245.12,1
3,7398.7,313.56,50.81,1.508,64.21,23.8,216.9,0
5,8534.8,310.32,49.74,1.6675,80.39,20.83,248.57,1
1,8619.0,275.34,50.1,1.7785,73.29,20.0,233.6,1
3,8028.9,280.57,45.4,1.5878,78.7,19.14,233.61,0
1,8365.4,348.96,51.27,1.6147,71.08,22.1,243.86,0
5,8654.4,295.53,50.52,1.5629,69.24,20.28,232.67,0
4,10323.4,359.24,51.07,1.7819,79.7,19.8,248.02,3
3,7342.7,283.96,48.42,1.5921,71.17,21.04,220.12,1
3,7281.7,296.81,48.22,1.4957,71.35,21.39,219.49,0
1,7865.8,317.78,52.38,1.4443,72.68,21.37,226.62,0
6,9402.2,308.66,50.04,1.6907,72.87,20.7,254.51,3
4,10068.9,359.42,53.4,1.6403,72.88,20.86,243.09,0
2,8499.6,314.86,48.65,1.6619,74.26,20.94,233.32,1
3,7670.2,312.67,48.22,1.4961,67.13,21.06,209.44,1
5,8875.1,312.81,51.53,1.6815,69.34,21.16,236.63,1
5,9344.3,334.64,51.81,1.6115,74.37,21.9,250.43,0
3,7386.1,329.67,48.53,1.4985,72.87,20.76,222.86,0
2,9094.8,317.68,51.4,1.7052,81.39,19.8,252.75,0
4,10500.1,366.64,52.64,1.7097,82.38,20.54,255.09,0
4,10318.8,322.5,54.97,1.9197,82.22,21.53,284.39,3
4,10638.2,350.77,52.4,1.6912,81.09,18.74,258.11,0
1,8448.1,321.73,49.24,1.6961,74.64,18.75,235.69,1
3,7704.8,285.52,50.03,1.6612,79.27,21.72,227.56,0
4,10318.2,337.35,54.28,1.7317,73.29,22.39,252.73,0
6,9485.6,324.47,52.32,1.7199,74.25,19.33,244.8,0
4,9962.3,314.23,53.2,1.7591,75.21,20.83,241.94,0
3,7342.1,307.21,49.02,1.5194,73.67,20.28,231.72,1
4,10201.0,334.84,52.39,1.7503,74.14,20.44,246.69,3
2,8640.3,313.74,48.96,1.6888,76.15,21.07,250.91,1
1,8340.8,310.51,47.17,1.5166,74.8,19.31,233.77,0
5,9182.9,319.39,48.22,1.6913,77.63,19.52,235.57,0
6,9309.4,315.79,54.29,1.5421,77.73,20.41,259.13,2
6,9690.7,329.11,48.61,1.5845,81.45,20.58,254.0,0
4,10069.1,319.17,54.21,1.8063,76.55,19.51,257.15,0
1,8102.4,356.95,48.73,1.5685,75.53,21.62,224.28,0
6,9379.1,297.8,53.43,1.6175,72.13,20.29,228.78,2
3,7792.6,295.19,45.47,1.4753,67.94,20.29,210.19,0
2,8782.8,307.51,50.53,1.6606,79.67,21.07,240.54,0
6,9923.7,365.89,54.87,1.6762,75.06,20.62,257.4,2
5,8721.4,292.17,52.2,1.5423,75.26,21.69,235.95,0
5,8592.1,322.18,49.5,1.484,75.51,19.74,225.28,0
2,8598.9,319.06,46.73,1.6763,77.62,19.24,231.3,0
6,9681.0,332.5,49.96,1.6127,70.67,20.44,223.47,0
3,7886.5,329.01,51.6,1.6931,75.46,20.85,239.17,1
4,10487.5,357.25,52.38,1.7497,78.54,19.42,252.5,0
5,9516.4,316.56,51.2,1.7023,73.44,19.26,242.49,0
4,10857.5,342.93,54.64,1.8126,78.24,20.99,267.09,3
2,8901.6,284.36,48.54,1.6507,76.75,19.96,230.48,0
2,8898.2,319.66,50.95,1.6808,76.76,19.2,251.86,0
3,7750.3,290.96,48.91,1.5059,70.57,21.86,219.66,0
6,9331.8,319.3,51.85,1.562,71.3,20.11,244.67,0
5,9173.2,290.57,51.02,1.6862,70.35,22.07,237.7,0
3,7715.7,312.16,46.58,1.6643,74.13,20.84,227.51,1
5,8882.1,287.16,50.41,1.7193,68.92,21.14,229.99,0
5,9019.8,321.89,52.1,1.6272,74.2,20.59,245.94,0
3,8151.3,287.59,49.19,1.6013,80.86,17.9,241.74,1
3,7654.7,288.91,48.52,1.5048,72.3,19.58,227.67,1
6,9563.8,345.99,53.43,1.7403,78.99,20.69,268.9,2
4,10882.8,350.29,54.01,1.7894,75.76,21.23,255.31,0
1,8509.6,334.29,49.63,1.501,69.73,18.87,226.59,0
5,8697.3,343.75,49.88,1.5461,77.28,20.78,240.55,3
4,10401.7,320.51,54.41,1.7853,76.5,19.61,264.07,0
4,10462.5,362.07,54.07,1.5742,82.82,21.11,258.16,0
5,8915.8,291.69,50.12,1.6322,73.96,20.83,233.76,0
6,9165.9,334.25,49.39,1.6961,87.37,21.67,253.95,0
2,8506.4,304.69,52.63,1.6826,71.4,22.03,236.48,0
3,7316.0,283.73,47.49,1.5872,71.2,21.37,215.27,0
2,8691.3,326.66,51.18,1.697,71.35,21.81,236.8,0
4,10194.0,349.14,56.68,1.8187,81.73,20.49,271.41,3
3,7803.1,322.31,51.84,1.5195,73.89,23.98,236.59,0
3,7545.9,306.87,50.86,1.4673,68.12,19.54,220.25,0
5,8862.8,319.87,49.85,1.6512,73.47,20.3,236.8,1
3,7208.2,308.77,50.44,1.4511,75.4,21.88,226.46,0
3,7452.3,307.44,49.09,1.6765,75.47,21.72,235.33,1
3,7787.9,315.41,50.05,1.4991,67.35,21.43,216.9,0
2,9190.4,324.77,55.03,1.7429,73.8,21.64,259.59,2
1,7968.1,322.82,48.12,1.4845,78.95,18.61,227.96,0
5,8851.7,288.08,51.71,1.5759,73.0,22.66,239.08,0
1,8903.6,315.58,49.49,1.5,75.13,20.69,222.59,0
2,8994.4,294.03,53.17,1.7866,77.54,22.29,260.95,2
5,8578.2,319.34,48.68,1.5537,69.41,18.68,218.49,0
1,8144.4,339.14,51.57,1.629,70.42,21.21,227.23,0
4,10429.5,326.19,50.58,1.7494,76.93,20.31,242.63,3
5,8751.6,318.56,51.94,1.7275,78.37,21.56,243.38,0
4,10390.0,347.91,52.53,1.7863,82.06,21.29,261.11,0
2,8538.1,276.7,51.79,1.6345,75.02,21.34,251.38,0
1,7892.0,297.41,48.91,1.5465,71.36,19.78,219.7,0
6,9552.2,331.64,51.2,1.7699,80.19,20.89,241.13,1
2,8947.1,266.27,50.41,1.6643,72.6,20.76,238.92,0
5,8618.8,297.22,49.46,1.8416,75.32,21.5,237.57,1
2,8943.4,338.19,52.91,1.8384,78.37,22.05,264.16,1
1,8219.5,328.47,48.35,1.5018,79.22,21.13,230.3,0
5,9084.6,326.67,50.33,1.6492,75.03,19.57,237.82,0
6,9568.3,341.13,52.72,1.6828,75.43,21.09,256.67,0
6,9727.7,330.88,56.16,1.9068,81.1,23.85,280.54,3
5,8626.7,324.89,51.36,1.661,78.87,22.8,239.41,0
2,9183.1,315.33,49.75,1.6766,73.24,17.72,229.67,2
6,9720.2,329.01,52.84,1.5229,72.87,21.06,227.47,0
5,9077.1,308.47,48.46,1.5602,78.8,22.02,253.83,0
2,9228.3,344.25,49.58,1.7736,70.47,20.8,230.77,3
1,8388.4,339.66,49.43,1.5593,68.39,20.5,229.9,0
6,9568.5,350.09,50.87,1.6234,76.02,20.72,238.97,0
2,9078.4,312.52,49.05,1.6615,74.79,21.62,229.54,0
5,9140.3,303.38,52.3,1.5654,70.69,19.76,235.06,0
1,7991.3,330.89,50.58,1.5746,73.46,22.33,230.42,0
2,8798.9,326.58,51.11,1.5473,75.18,20.97,242.23,0
2,9058.1,325.55,49.79,1.5763,73.16,20.01,237.68,0
2,9132.9,309.06,52.1,1.7088,81.36,22.28,252.37,2
5,8536.3,321.56,50.61,1.7208,75.03,19.34,232.77,1
6,9576.1,305.8,51.48,1.7687,79.12,20.44,246.86,0
6,9569.9,336.68,52.6,1.7213,71.25,20.42,229.08,0
5,8091.1,333.82,49.51,1.5369,68.03,23.42,218.6,0
2,8929.7,347.59,50.97,1.7371,76.74,20.31,247.04,0
6,9549.7,337.8,52.96,1.7144,82.49,18.7,253.89,2
4,10348.7,308.96,55.11,1.7048,73.57,20.43,247.07,0
4,10853.1,342.94,56.55,1.8856,79.57,21.58,276.76,3
5,8410.9,351.03,51.13,1.5692,69.99,21.94,225.34,3
5,8536.1,298.26,51.62,1.6044,70.43,23.59,231.71,0
6,8764.1,315.34,50.81,1.6329,74.52,22.64,236.36,0
4,10246.1,358.15,50.45,1.8254,76.59,21.3,253.55,1
4,10273.4,344.12,50.74,1.805,73.46,20.12,243.55,3
5,8636.8,359.65,51.17,1.5582,70.41,22.89,227.0,0
2,9354.5,309.71,51.49,1.4938,68.52,20.71,214.8,0
2,9275.4,304.21,53.67,1.6634,76.23,20.39,250.9,2
4,10424.9,356.71,55.46,1.765,80.63,20.66,270.01,2
1,8081.4,287.37,48.13,1.6369,73.61,19.75,228.32,0
2,9328.4,319.07,52.9,1.7417,72.07,20.62,258.7,0
5,8793.7,315.55,50.08,1.5873,77.35,20.88,240.32,0
6,9338.2,341.37,53.25,1.6773,78.25,21.95,252.8,2
4,9850.8,339.42,53.75,1.6406,76.89,20.72,255.98,0
3,7458.8,310.27,50.22,1.5485,70.44,19.76,238.65,1
3,7841.5,299.01,47.9,1.5169,69.23,19.39,218.59,0
5,9528.5,346.68,53.85,1.7979,77.06,21.39,244.61,3
4,10419.7,407.08,50.6,1.8615,85.59,21.25,270.39,3
1,7955.1,319.95,51.44,1.6742,76.17,20.56,237.12,0
4,10020.8,332.02,52.67,1.6252,76.13,20.66,235.87,0
3,7776.6,282.18,49.51,1.5191,72.63,21.61,236.88,0
5,8235.3,299.11,47.46,1.5989,68.52,22.72,228.72,0
6,9776.1,323.69,51.56,1.7003,78.72,20.33,245.97,0
6,9861.7,318.86,54.89,1.6108,73.45,21.3,243.74,2
4,10539.6,335.65,53.53,1.8764,80.55,22.26,269.75,2
3,7529.7,334.83,49.74,1.5992,81.95,20.35,237.35,0
3,7780.8,328.04,49.41,1.6229,70.24,21.2,225.48,0
2,9054.7,316.74,53.08,1.7741,84.45,21.18,261.35,0
6,9351.0,301.11,51.58,1.6777,76.34,19.78,243.92,0
6,10192.1,356.19,51.81,1.8364,75.54,21.42,245.11,3
6,9487.5,323.48,52.2,1.5828,72.92,21.27,244.83,0
2,9248.2,290.65,54.54,1.8875,82.18,21.85,279.51,1
2,8226.0,323.31,50.33,1.5673,74.65,19.94,233.22,1
6,10008.5,348.56,52.76,1.748,75.55,21.26,252.53,0
4,10870.0,295.9,58.57,1.8674,77.01,22.78,282.45,2
5,8809.5,302.06,53.84,1.6533,75.03,23.55,248.54,1
3,7778.8,303.58,51.28,1.5173,71.41,22.68,239.69,0
3,7778.7,318.79,49.34,1.5407,73.07,19.98,218.45,1
4,10194.3,322.85,54.62,1.7588,83.12,21.77,275.64,1
5,8975.1,303.75,52.3,1.7784,70.12,20.75,241.78,0
3,7341.2,313.84,45.33,1.4667,73.02,21.6,206.39,0
5,8605.2,306.23,50.99,1.7125,73.01,20.45,254.5,0
2,9360.6,332.72,50.87,1.7462,73.94,19.42,259.47,0
3,7911.9,287.02,48.65,1.6109,74.87,20.93,229.83,0
6,9374.0,298.77,51.97,1.6325,69.68,22.11,238.72,0
6,9365.3,336.61,49.58,1.6125,67.72,21.63,222.86,0
6,9393.4,327.87,49.28,1.7181,76.33,21.77,240.41,1
2,9234.4,338.18,53.83,1.7135,75.07,21.57,244.57,0
6,9280.0,312.49,52.73,1.5344,70.26,21.78,226.15,0
6,9714.1,312.54,48.89,1.4913,69.96,21.92,235.24,0
6,9839.0,352.72,51.66,1.9047,83.81,21.04,267.97,3
1,8171.8,282.48,51.49,1.4146,73.21,21.44,228.49,0
5,9123.2,342.88,51.92,1.6985,75.51,23.28,241.32,1
6,9502.6,348.3,54.23,1.7867,83.87,21.52,270.98,0
5,8731.6,331.53,52.64,1.7056,77.76,21.42,241.55,0
2,8687.3,303.18,48.75,1.5778,79.35,21.49,233.34,0
5,9125.5,305.68,51.25,1.655,70.32,21.14,227.5,0
1,7954.7,303.72,48.79,1.5366,67.68,20.91,226.22,0
3,7711.9,281.52,47.2,1.7456,72.74,21.62,218.99,1
4,10377.2,316.84,51.03,1.7733,78.71,20.84,247.05,3
3,7263.1,311.5,47.25,1.6381,74.85,21.24,214.31,1
5,8605.1,326.34,49.37,1.4522,68.32,20.54,212.22,0
2,9442.5,304.98,52.61,1.8002,77.37,21.53,253.04,3
4,10464.5,347.28,55.68,1.8639,81.76,22.06,282.25,2
4,10077.1,339.03,53.85,1.817,80.52,21.19,264.68,0
4,10497.7,362.65,54.07,1.8133,77.54,19.22,260.38,3
2,8953.2,328.73,51.18,1.8038,76.43,22.09,251.91,1
2,10105.3,350.21,54.2,1.7712,75.09,21.58,254.31,0
2,9091.2,328.59,50.86,1.5974,73.95,20.36,252.9,0
3,7478.2,319.9,48.63,1.451,67.76,22.31,209.1,0
4,10854.4,316.23,56.77,1.8832,75.7,19.93,274.35,0
3,7010.9,294.93,44.99,1.4775,68.75,22.62,211.74,0
3,7630.2,303.23,46.2,1.3787,69.45,21.41,203.07,0
2,9638.2,321.63,52.01,1.7278,73.31,18.99,246.89,1
2,8962.8,326.58,51.02,1.5361,70.2,21.68,226.01,0
4,9845.3,339.72,50.29,1.8072,83.53,21.05,262.08,0
5,8673.3,322.47,48.96,1.5386,72.19,20.89,227.19,0
2,9465.4,320.93,50.36,1.6721,76.63,20.69,242.9,0
6,9720.3,313.68,53.96,1.6418,69.84,21.37,235.06,2
4,10131.6,351.2,54.96,1.9432,82.43,20.98,289.52,1
2,8780.7,322.88,52.85,1.7002,74.69,19.48,251.02,1
3,7420.9,283.29,46.96,1.5782,68.57,22.93,205.14,0
1,8315.6,307.99,48.05,1.7801,71.22,21.27,229.4,1
1,8628.2,283.53,48.22,1.6234,75.58,20.74,223.03,0
3,7936.8,307.94,51.29,1.607,61.86,20.31,223.28,0
3,7745.9,301.63,50.47,1.4848,68.51,22.4,220.49,0
5,8373.9,301.77,49.98,1.6904,72.23,20.13,234.81,1
1,7775.1,334.05,49.93,1.5034,71.91,21.72,219.67,1
6,9770.6,306.67,52.33,1.7983,84.24,20.93,264.09,1
2,8569.4,326.98,48.74,1.6362,72.66,21.0,235.64,0
1,8127.8,348.77,50.38,1.6839,76.9,20.37,248.82,3
5,8897.3,337.26,50.72,1.6144,80.96,20.91,253.12,0
5,8436.0,312.23,48.65,1.5484,75.36,21.61,220.34,0
4,10072.2,310.38,54.22,1.7881,74.17,21.86,255.3,0
1,8169.9,285.35,49.1,1.5043,67.35,20.75,218.84,0
1,8361.2,304.56,50.78,1.5272,75.23,21.52,229.71,0
3,7939.7,294.97,50.0,1.6152,77.12,22.6,227.29,1
3,7794.3,292.78,50.21,1.5692,73.01,19.8,221.93,0
6,9623.6,319.99,52.84,1.7724,80.0,21.63,269.56,1
2,8761.2,314.53,49.26,1.7424,82.65,20.6,243.7,0
2,8657.3,323.96,50.97,1.6973,76.75,20.49,245.22,0
6,9436.5,301.52,52.88,1.6114,71.12,21.94,238.66,2
1,8331.2,299.36,51.0,1.5784,72.65,21.06,232.27,0
1,8307.7,308.51,51.49,1.7265,77.36,20.33,245.55,1
3,6928.0,292.69,47.82,1.4278,68.48,23.13,215.09,0
3,7348.6,333.89,50.36,1.5615,76.57,22.7,234.93,1
4,10785.4,342.82,50.71,1.6668,78.71,19.56,246.31,3
6,9625.3,296.83,51.64,1.7095,76.26,20.08,248.78,0
6,9146.6,328.14,51.58,1.6919,73.86,22.36,234.7,1
2,9753.9,337.11,54.91,1.6137,77.14,21.4,258.11,0
6,9590.7,323.25,52.91,1.6464,76.56,23.37,245.19,0
4,10523.0,313.91,55.22,1.6487,72.05,22.4,247.32,2
1,8327.8,343.25,47.77,1.6294,72.28,22.06,230.21,0
6,9482.4,305.05,51.27,1.5077,70.87,20.61,228.14,0
1,7967.2,319.53,48.75,1.5454,70.93,22.28,220.68,0
4,11078.9,345.47,58.23,1.9139,76.93,20.35,287.15,3
5,9121.0,331.15,51.27,1.7183,78.53,23.19,243.84,1
2,9263.0,352.62,52.27,1.6981,79.51,22.23,256.99,2
2,9184.4,331.14,51.66,1.7247,77.13,20.86,255.67,0
3,7278.9,290.01,46.62,1.5242,65.68,22.66,215.42,0
6,10008.8,350.0,53.36,1.7494,77.18,24.25,271.04,0
2,8730.2,304.67,51.67,1.4333,68.89,21.55,220.01,0
4,10490.7,338.34,54.33,1.8819,77.68,22.4,261.14,3
3,7075.4,274.55,44.6,1.4961,71.3,21.33,215.58,0
1,7546.9,284.42,48.37,1.5504,73.75,21.9,231.67,0
5,8901.9,318.85,52.34,1.5325,75.87,20.16,235.75,0
5,8541.1,320.58,51.77,1.6532,77.83,21.82,249.7,1
4,9763.5,296.76,54.76,1.6872,76.29,21.88,274.09,0
2,9173.0,329.85,51.1,1.5754,74.36,23.82,238.42,0
1,8878.4,302.91,52.6,1.6802,76.7,19.87,254.9,0
3,8044.7,331.53,49.85,1.5728,75.92,21.54,244.63,1
4,10317.7,327.16,56.83,1.7616,75.7,23.28,281.98,2
4,10402.8,314.21,53.72,1.8485,78.56,21.6,266.44,2
2,9284.1,323.49,48.69,1.663,74.2,21.68,243.45,0
4,10759.1,321.86,55.38,1.7255,71.42,20.96,249.43,0
2,8890.1,340.63,50.28,1.6158,76.38,20.86,239.87,0
5,8810.9,316.93,49.85,1.5575,69.61,19.89,223.06,0
5,8896.2,315.13,48.82,1.6178,75.25,21.21,222.25,3
4,10577.2,347.0,56.26,1.8257,73.4,20.82,253.38,3
1,8157.4,291.64,49.48,1.4764,69.43,22.04,222.81,0
6,9561.6,301.97,54.66,1.8273,73.66,21.06,260.46,1
1,8641.5,322.41,50.13,1.7068,77.91,21.4,238.06,1
6,9987.0,310.06,51.5,1.5056,74.46,21.44,247.84,0
1,8352.8,292.08,52.67,1.5983,68.65,21.89,225.38,0
4,10950.1,355.51,54.38,1.9261,80.9,21.37,276.16,0
1,8076.3,318.29,49.55,1.6022,71.77,20.79,226.05,0
1,8719.4,293.34,49.17,1.6058,75.8,22.06,235.99,0
5,8973.6,307.57,51.35,1.6208,70.63,23.15,240.12,0
5,9846.7,312.05,53.73,1.7632,76.76,22.12,262.43,0
1,7818.4,337.98,47.38,1.679,80.95,21.32,244.47,1
6,9379.4,339.48,51.32,1.5793,75.07,21.86,243.73,2
2,9134.0,312.9,50.23,1.6175,75.2,19.74,230.16,0
2,9127.1,330.77,51.89,1.7506,69.44,21.85,246.98,3
2,9624.0,301.45,54.83,1.7132,72.35,21.57,244.6,0
3,7386.1,289.14,48.16,1.6389,71.75,20.99,224.71,1
2,9289.6,324.07,50.66,1.8889,74.11,21.2,247.1,1
3,7972.0,315.83,54.22,1.6057,74.31,21.58,247.05,1
2,9225.5,319.73,51.78,1.6056,76.41,23.14,240.78,0
1,7892.5,311.28,50.09,1.5103,67.43,23.25,218.39,0
3,8050.5,309.97,49.14,1.6855,75.66,21.04,247.44,0
5,9193.4,318.18,51.29,1.7282,70.63,21.5,230.61,1
5,8991.9,313.58,51.55,1.8086,71.69,21.53,244.16,1
3,7665.4,296.65,51.39,1.5708,71.78,22.97,224.02,0
2,9072.4,323.97,52.51,1.7666,80.1,22.25,262.05,2
5,8774.8,323.92,53.09,1.5825,70.73,22.2,232.33,0
5,9005.1,322.63,53.61,1.5048,75.09,22.69,242.48,0
5,8810.0,295.69,51.44,1.6456,73.9,21.45,231.47,1
6,9328.5,304.63,53.45,1.6372,76.96,23.62,259.15,2
5,8464.5,320.29,52.61,1.7254,77.41,22.12,251.44,1
6,9359.3,349.44,50.1,1.527,74.76,21.19,235.04,0
3,7671.1,307.13,53.46,1.5687,74.76,21.89,246.59,1
3,7591.4,296.1,49.2,1.5988,75.35,23.5,223.91,1
2,9068.9,323.8,51.06,1.7484,80.82,21.69,250.17,1
2,9160.3,300.3,50.46,1.67,75.95,23.21,243.46,0
5,8599.3,338.15,48.89,1.7582,74.74,21.48,227.63,0
5,9269.0,325.32,53.35,1.8067,73.61,21.33,241.59,1
5,8714.3,303.81,55.2,1.5839,68.45,22.91,234.14,0
2,8861.3,314.47,50.19,1.7506,73.1,21.23,232.67,3
3,7754.4,295.81,50.67,1.6999,71.54,23.1,232.34,1
2,8412.3,336.15,51.3,1.6139,73.38,22.59,240.18,0
6,9347.0,319.18,53.48,1.7309,77.24,21.25,260.04,0
2,9313.9,325.25,55.75,1.684,70.37,22.14,261.09,0
1,7644.0,314.41,51.75,1.5197,70.87,21.62,228.54,0
4,10757.6,325.0,54.33,1.8362,85.12,22.62,277.56,1
6,10083.6,334.41,55.19,1.9115,80.59,24.32,273.76,2
6,9481.8,329.24,53.35,1.7713,77.88,21.84,259.79,0
1,8293.4,283.25,50.83,1.5695,73.24,22.85,235.87,0
2,9358.1,327.49,50.58,1.5991,74.23,22.29,243.57,0
1,8050.6,307.73,48.97,1.457,66.17,22.3,218.84,0
2,9277.7,324.39,53.96,1.7129,76.77,22.1,258.28,0
4,10185.2,332.68,55.26,1.7805,69.04,21.35,261.56,0
2,8847.2,321.98,51.34,1.5777,73.13,22.67,236.12,0
1,7944.2,331.46,50.36,1.651,72.61,21.99,229.81,0
4,10509.6,314.37,55.68,1.8108,75.98,21.32,262.3,0
1,8570.6,308.12,48.83,1.681,80.62,23.44,243.77,0
2,8941.1,330.35,51.01,1.7915,80.89,22.44,248.62,0
1,7793.2,314.38,52.97,1.6929,75.31,22.08,242.08,1
1,7853.5,314.66,51.05,1.446,68.79,23.82,213.69,0
3,7726.3,354.55,47.09,1.518,79.39,20.33,232.25,1
6,10190.1,343.15,54.47,1.7852,79.8,23.76,268.03,1
5,8926.0,338.54,52.9,1.6767,71.7,21.4,230.72,1
1,8076.2,303.31,46.34,1.6437,72.17,22.61,219.27,0
1,8445.2,295.02,50.92,1.6482,75.84,21.73,252.83,0
3,7523.4,297.1,48.42,1.6333,68.68,21.37,225.6,1
4,10278.9,345.88,51.83,1.7122,78.44,23.84,256.65,0
5,8493.3,320.75,51.99,1.6049,74.53,24.45,235.79,0
5,9250.7,329.02,51.89,1.6302,71.55,22.17,239.93,0
3,6787.5,290.8,48.39,1.403,68.06,22.79,209.24,1
2,9255.3,315.08,51.7,1.7368,71.4,22.49,236.54,3
1,8051.6,305.33,49.47,1.3931,75.02,24.34,221.33,0
1,8068.7,321.8,47.03,1.4864,69.51,20.12,211.49,0
1,8741.5,331.29,50.49,1.7337,75.29,22.87,233.49,0
6,9371.5,304.97,53.47,1.6395,70.1,21.66,232.17,0
2,8782.4,330.33,50.77,1.6891,70.5,19.88,233.72,0
5,8758.3,304.63,51.18,1.7677,69.51,22.08,232.25,0
4,10532.4,344.3,53.49,1.7926,77.46,24.52,258.58,0
4,10258.6,329.39,52.96,1.8606,78.04,21.77,251.73,3
3,7096.4,326.24,50.35,1.7177,71.93,23.37,238.9,1
5,8523.0,306.23,52.45,1.6132,67.06,23.83,244.14,0
1,8610.0,317.93,50.46,1.6168,73.05,22.5,241.34,1
1,8223.9,321.38,46.5,1.6012,70.36,22.66,227.06,0
3,7744.3,289.46,47.98,1.6378,72.76,20.64,231.28,1
3,7516.3,301.37,48.39,1.5134,69.92,21.75,220.02,1
4,10189.0,327.28,52.74,1.7208,76.94,23.54,254.61,0
5,9336.8,313.46,51.78,1.7933,72.48,22.62,240.09,0
4,10339.8,325.82,55.5,1.8333,83.35,22.97,280.71,1
2,8858.1,337.46,51.65,1.7102,70.36,22.72,242.23,0
2,9350.8,312.08,55.04,1.7315,73.64,24.99,251.18,1
5,8568.8,324.45,48.58,1.7444,74.09,22.11,240.17,1
2,8809.7,322.57,51.84,1.584,73.32,24.36,233.2,0
4,10403.3,309.29,51.1,1.6633,74.53,22.75,240.09,0
4,10400.1,343.75,54.24,1.8022,71.99,24.47,259.62,2
5,8883.1,292.27,49.47,1.5197,71.07,21.27,228.58,0
5,9469.3,335.47,54.79,1.7147,72.69,22.83,250.11,0
3,7707.6,295.65,50.31,1.7258,76.76,22.2,240.17,1
2,8239.0,310.78,52.38,1.5568,80.33,22.8,248.38,0
3,7704.4,281.45,49.72,1.575,70.45,24.0,213.36,0
3,7612.1,305.94,48.24,1.5777,66.39,23.08,210.63,0
2,9013.9,335.84,50.82,1.6829,77.51,24.01,237.6,1
4,10478.7,320.74,54.4,1.6954,74.29,21.94,254.33,0
2,8990.8,307.97,54.43,1.6553,72.25,21.78,253.58,0
4,10383.2,342.4,54.81,1.7171,75.94,22.71,261.64,3
5,8996.2,327.59,51.31,1.6532,73.02,22.66,235.8,0
6,9426.5,279.88,52.23,1.6577,72.99,22.5,238.0,2
1,7896.7,343.14,49.68,1.4964,68.41,21.66,214.4,0
5,9767.6,336.96,56.97,1.7934,74.23,24.04,277.08,2
1,7970.9,320.22,52.11,1.7517,75.81,22.33,247.73,0
3,7632.0,301.37,50.84,1.5829,70.95,24.31,230.35,0
2,8521.4,280.34,51.37,1.724,72.73,22.76,227.05,1
1,8237.3,322.75,51.52,1.6621,65.39,23.47,219.4,0
2,8701.4,305.54,52.53,1.6368,76.66,23.38,246.2,0
1,8058.4,318.43,49.42,1.5763,70.14,21.87,221.65,0
5,9134.4,316.54,51.0,1.6698,78.5,23.19,248.33,0
1,8351.0,316.15,53.48,1.5345,73.55,24.91,240.21,2
3,7781.9,291.65,50.18,1.5686,69.18,23.07,228.35,0
5,8233.2,326.12,52.69,1.4956,67.37,23.8,214.06,0
6,10187.8,310.68,56.84,1.9043,84.11,23.58,276.66,2
6,9218.6,361.82,53.31,1.6185,78.94,23.16,251.68,2
1,8689.1,355.86,52.15,1.6999,77.86,23.04,245.62,3
6,9926.9,358.58,58.85,1.7569,83.79,23.44,280.77,2
4,10584.7,359.39,55.22,1.8799,79.77,23.69,273.22,3
2,8726.4,314.47,49.19,1.6314,78.36,21.37,235.41,0
3,7648.5,325.13,49.5,1.5007,70.19,23.14,222.41,0
6,9449.3,322.21,55.12,1.8422,78.02,22.67,269.24,2
3,7609.3,275.74,47.53,1.4706,68.11,22.45,212.41,0
2,8920.0,345.18,51.28,1.6556,73.37,24.31,244.2,0
6,8947.6,338.74,53.36,1.6742,75.28,22.09,234.63,2
6,9959.0,328.98,52.48,1.7401,72.47,21.37,243.19,0
6,9574.0,303.26,53.13,1.8044,76.32,23.79,262.15,0
6,9444.9,313.34,53.8,1.7702,74.17,21.36,247.68,0
6,9420.7,290.85,50.67,1.5778,67.75,20.81,220.89,0
3,7714.7,321.87,48.05,1.6163,70.3,23.94,221.92,0
2,8714.0,286.99,49.43,1.5333,71.74,23.12,226.76,0
4,9678.3,331.62,54.28,1.7143,79.17,23.48,256.78,0
2,9130.3,305.25,52.46,1.6785,75.3,22.48,258.88,0
3,7766.1,279.75,48.33,1.6586,75.62,21.45,235.05,0
4,10336.1,337.99,51.79,1.6905,79.61,21.68,248.68,0
6,9232.7,315.55,51.87,1.7319,72.97,22.69,234.9,0
2,9028.5,334.4,53.3,1.6837,74.79,21.6,251.05,0
2,8531.3,291.03,50.12,1.5657,71.46,23.34,223.13,0
5,8471.3,299.55,49.95,1.7032,74.44,22.5,252.7,0
1,7959.8,264.58,48.59,1.4882,70.86,23.23,222.82,0
4,10670.1,298.05,54.23,1.9521,75.21,23.2,269.72,2
5,8684.0,347.89,52.29,1.646,74.7,23.46,244.88,0
4,10256.7,370.33,57.71,1.8563,80.22,23.6,286.08,2
3,8225.5,312.15,51.03,1.6887,69.22,22.68,217.02,0
5,8912.8,303.21,51.95,1.6814,74.89,23.27,236.75,0
3,7708.5,299.42,51.51,1.6112,65.8,23.33,231.19,0
5,8681.7,331.22,51.58,1.5345,77.93,20.41,251.3,0
3,7409.2,292.24,48.93,1.5041,72.12,23.8,214.22,0
1,7500.3,306.78,53.45,1.6615,76.49,23.26,235.42,0
4,10710.0,337.58,55.06,1.8692,74.82,23.73,265.62,0
1,8343.5,301.54,50.84,1.7005,76.42,21.7,246.72,1
6,9542.7,315.5,53.72,1.8035,78.69,22.78,262.32,0
4,10356.1,339.2,54.33,1.8655,77.3,21.93,264.89,3
3,7835.6,288.61,53.04,1.6176,69.83,23.96,223.04,1
3,7102.5,306.26,47.49,1.2936,66.41,21.6,198.19,0
4,10211.2,323.84,54.89,1.8498,72.58,22.14,257.39,0
2,8636.4,317.29,52.06,1.5585,71.1,23.75,229.99,0
2,9566.9,350.15,54.32,1.7257,72.33,22.48,237.95,2
3,7880.2,303.65,49.57,1.6263,77.08,22.16,241.1,0
2,8295.1,327.8,50.87,1.5682,68.15,24.19,231.37,2
5,8315.6,279.21,52.66,1.541,72.35,24.24,230.45,0
1,8157.6,301.27,51.71,1.4725,73.65,24.0,230.61,0
5,8648.8,315.64,50.67,1.5659,74.85,24.15,232.62,0
3,7176.2,333.56,51.28,1.6184,72.59,22.97,229.99,1
4,11022.3,305.97,56.47,1.772,81.54,23.01,278.47,0
1,8300.0,309.57,50.62,1.5243,71.2,22.53,231.2,0
3,7751.9,331.49,49.5,1.5951,72.52,23.44,235.75,1
5,8578.6,300.23,51.83,1.5475,72.02,22.68,240.61,0
2,9231.1,317.71,53.4,1.6997,79.35,22.79,255.43,0
1,8078.3,314.83,48.43,1.6385,79.55,23.94,257.58,0
4,10309.3,336.72,55.42,1.7837,73.69,24.59,269.59,2
1,8395.5,340.53,52.44,1.4972,66.94,23.73,221.05,0
2,8478.7,321.34,48.42,1.6236,75.38,25.28,233.92,0
3,8111.0,333.12,50.76,1.6629,76.67,22.53,228.76,0
4,10458.4,328.56,54.79,1.7664,84.47,21.3,273.56,0
4,10809.9,325.58,56.35,1.8799,80.98,24.11,288.94,2
5,8455.9,308.95,52.26,1.6225,77.77,22.49,264.38,1
6,9304.6,301.49,52.04,1.7465,80.23,23.04,255.49,1
1,7828.2,314.81,47.85,1.6435,76.86,21.41,235.6,1
3,7680.1,297.54,46.81,1.5315,74.05,22.37,225.8,0
1,8221.1,298.34,52.02,1.6396,67.86,21.72,243.99,1
1,8051.4,317.54,51.63,1.6598,72.41,22.9,230.94,0
2,8675.5,294.84,53.39,1.7334,74.08,22.95,266.17,0
4,9994.7,343.81,52.7,1.7777,76.96,23.5,253.85,0
6,9584.5,316.82,55.02,1.8225,75.5,24.77,253.55,1
5,8651.0,336.02,49.58,1.7017,79.58,24.16,243.72,1
4,10180.6,324.92,51.99,1.6014,74.55,21.64,238.27,0
5,9295.1,333.62,53.2,1.6718,78.25,24.1,256.06,0
2,8973.7,321.94,53.32,1.6767,75.58,23.56,238.48,0
6,10006.4,343.46,56.5,1.7598,74.4,23.34,262.99,0
6,9429.4,325.7,52.54,1.699,71.91,23.43,247.86,2
1,8278.3,281.12,49.81,1.4723,66.03,23.69,225.5,0
3,7582.2,321.56,48.2,1.6985,73.22,22.71,235.0,0
5,8256.8,309.25,49.89,1.5835,72.4,23.28,239.38,0
3,8057.1,322.84,54.86,1.6117,69.8,24.79,236.36,2
6,9556.8,337.55,54.05,1.6252,69.82,22.73,244.32,0
6,9838.9,314.31,54.92,1.6947,77.56,22.38,244.71,0
3,7359.4,284.49,49.24,1.5039,69.4,23.45,218.12,0
1,8147.2,321.42,50.39,1.5744,70.33,22.28,230.22,0
3,7322.6,295.09,49.92,1.4901,66.95,21.64,219.36,0
2,9395.5,340.21,51.95,1.8178,75.13,23.16,241.33,0
3,7699.7,301.49,50.41,1.5645,72.81,25.15,227.58,0
4,10517.5,354.11,53.63,1.7821,77.59,23.52,259.02,3
3,8034.6,316.0,50.12,1.6066,68.31,23.77,222.33,0
2,9370.0,328.25,51.99,1.6818,75.33,21.24,251.03,3
2,9244.9,314.96,51.59,1.7531,78.42,24.07,251.12,0
5,8345.0,315.98,51.76,1.5269,73.14,23.7,234.53,3
1,7977.4,329.22,50.83,1.497,72.86,22.87,225.82,0
2,8678.8,314.49,51.6,1.6408,72.55,23.81,244.93,0
6,9832.8,337.72,52.41,1.6896,73.76,23.81,253.79,0
1,8254.6,311.64,50.81,1.5143,69.55,22.47,223.33,0
3,7155.0,300.95,48.72,1.461,64.4,24.0,226.46,0
2,8939.6,349.36,52.86,1.7356,79.27,24.97,250.86,1
1,7721.9,326.57,51.94,1.5458,73.59,23.41,241.05,1
3,7583.0,304.84,47.67,1.4858,71.35,22.71,211.52,0
4,9870.3,332.43,57.13,1.8134,77.71,23.48,275.79,0
2,9169.2,308.23,52.9,1.6214,75.66,24.62,250.84,2
1,8320.9,308.42,51.36,1.5451,70.23,22.34,222.62,0
1,8810.5,322.49,51.11,1.6775,73.07,24.34,238.45,0
4,10671.3,352.7,56.55,1.8243,77.38,22.96,282.83,2
6,9464.7,337.6,53.02,1.7595,84.54,23.98,260.9,2
2,9261.8,301.91,51.89,1.645,77.98,23.11,250.87,2
2,8552.7,331.67,50.47,1.5549,74.48,23.11,236.32,0
3,7292.0,298.61,49.91,1.5584,74.92,25.42,230.6,1
3,7706.6,287.01,50.33,1.7455,75.01,22.2,229.4,1
2,8309.4,335.46,51.78,1.624,68.82,24.3,236.83,3
1,8188.1,336.41,51.82,1.5104,72.53,25.67,232.18,0
4,10073.5,335.56,53.28,1.8126,77.17,24.53,266.57,3
3,7632.4,316.71,48.36,1.4986,73.61,22.32,224.84,0
3,7255.1,313.62,48.27,1.5018,69.88,22.39,217.35,0
2,9135.8,345.62,53.0,1.6494,75.22,22.98,249.47,0
6,9606.2,338.77,54.5,1.8802,74.77,23.99,254.58,3
4,10848.1,315.43,56.74,1.7925,81.81,24.07,287.06,2
3,7602.2,339.8,49.58,1.5325,67.25,22.43,215.77,0
2,8754.0,335.48,52.23,1.5949,72.99,22.88,236.24,0
5,8721.0,306.76,51.33,1.6373,67.25,22.96,237.74,0
6,9169.8,302.34,49.82,1.6418,70.83,23.66,233.56,0
1,8330.0,320.72,51.92,1.7277,74.19,26.05,242.62,1
6,9788.8,322.67,52.66,1.7948,77.38,22.85,259.38,0
5,9590.1,331.43,51.26,1.6423,75.02,22.81,246.84,0
1,8001.0,321.39,49.41,1.8279,76.27,22.65,243.46,1
5,8714.3,305.66,52.49,1.7356,78.07,24.6,258.58,1
1,8015.8,288.08,49.04,1.5183,71.24,23.86,214.81,0
1,8267.9,317.89,49.72,1.6177,73.75,22.93,234.88,0
1,8322.1,301.94,53.67,1.6704,71.0,23.53,246.95,0
3,7582.9,306.04,47.26,1.582,73.24,23.07,227.62,0
4,10747.6,314.04,55.1,1.8193,73.93,24.27,246.76,2
3,7402.6,296.89,49.28,1.6542,76.56,26.91,235.12,0
1,8515.6,326.54,50.74,1.7255,77.55,24.57,238.49,1
2,9172.3,331.8,52.38,1.5874,71.14,23.87,245.17,2
6,9596.2,311.37,51.54,1.8355,72.81,23.25,245.63,0
6,9499.2,303.46,53.57,1.8766,76.48,22.51,268.23,0
5,9576.5,325.63,55.9,1.8022,74.73,24.8,253.75,2
1,7938.6,317.42,52.44,1.6221,74.05,24.75,242.68,1
5,8895.3,325.14,53.74,1.6759,73.21,23.5,246.72,0
5,8559.9,304.94,50.14,1.6386,78.31,25.36,260.44,1
4,10971.4,346.05,55.27,1.8309,79.45,24.06,278.64,2
1,8483.8,340.36,52.78,1.5605,82.26,24.89,259.1,0
6,9382.9,326.9,54.64,1.8598,77.56,24.38,277.43,0
3,7764.0,276.01,53.25,1.6339,66.0,23.86,232.31,1
1,8282.5,314.76,52.63,1.5661,79.93,23.02,247.16,1
2,8834.7,353.97,53.61,1.7865,78.91,23.92,257.84,0
3,7842.6,283.1,55.27,1.6285,72.25,25.01,247.49,2
1,8324.6,312.11,51.36,1.62,75.04,23.53,221.48,0
2,9069.0,315.69,52.37,1.6767,70.47,24.59,239.28,0
3,7586.6,305.18,50.05,1.3615,64.95,22.92,210.15,1
6,9737.9,330.61,52.61,1.7265,76.23,24.98,250.91,3
1,8273.4,331.53,51.62,1.6686,78.01,24.47,236.55,1
4,10418.9,336.13,51.49,1.7822,79.31,22.82,256.29,3
6,9394.9,346.33,52.22,1.6566,81.93,23.9,245.81,0
5,9342.0,320.64,53.34,1.7822,79.73,25.18,272.11,1
6,9263.9,315.6,53.91,1.7871,74.99,22.78,253.46,1
2,9136.8,308.46,54.05,1.7656,78.47,22.99,246.15,1
5,8697.5,282.97,50.5,1.6527,77.93,24.1,242.36,1
6,10163.1,336.76,58.73,2.0255,77.17,26.54,289.91,1
2,8710.9,352.79,52.03,1.5833,74.15,23.46,240.35,0
3,7364.7,309.26,50.56,1.6029,71.22,24.75,223.08,0
4,10089.7,343.35,51.85,1.6903,69.29,24.5,234.39,0
3,7703.5,297.3,49.24,1.7051,72.05,23.58,229.99,1
2,8560.6,309.77,53.63,1.7065,75.72,24.41,247.79,1
6,9446.9,341.64,53.36,1.77,76.58,23.75,247.48,3
6,8911.2,354.18,52.45,1.7265,76.51,23.86,249.75,3
3,7676.9,331.23,50.07,1.4814,71.91,22.43,215.71,0
5,8639.9,329.53,49.7,1.4948,67.24,24.24,225.25,0
3,7123.8,298.99,49.86,1.545,75.58,25.27,237.77,0
5,9147.4,324.4,55.12,1.7751,73.69,24.35,249.33,1
4,9981.5,316.23,56.42,1.7812,74.35,25.49,257.92,2
3,7855.0,280.34,50.84,1.5956,75.52,24.94,234.12,0
1,7975.7,287.45,53.45,1.7409,74.7,24.25,248.61,1
4,10912.5,340.93,53.37,1.6789,80.07,23.63,261.89,2
2,9239.9,316.38,51.22,1.6029,77.51,23.79,247.03,0
2,8677.4,289.0,54.41,1.4422,68.97,22.72,234.87,2
2,8706.5,315.1,52.96,1.7469,73.46,24.05,257.52,0
6,9793.8,322.0,53.5,1.7732,80.63,24.52,263.35,0
1,8116.0,288.17,51.92,1.6515,69.39,26.25,224.94,0
5,8745.8,309.54,51.18,1.601,70.26,24.95,221.54,0
6,10007.1,324.3,54.29,1.8428,77.01,23.43,273.7,0
1,7960.4,296.47,50.63,1.5716,71.96,22.81,233.55,0
4,10429.2,351.4,54.87,1.8569,80.65,24.17,272.91,0
4,10705.5,303.51,53.9,1.7772,72.9,25.3,257.53,3
3,7858.9,270.7,51.15,1.5152,61.96,24.17,215.17,0
5,8748.9,316.3,51.66,1.8029,76.99,25.02,254.42,3
3,7507.6,304.31,48.61,1.3716,67.21,24.23,206.35,0
3,7043.6,304.76,51.89,1.5081,67.86,25.23,229.71,0
3,7262.0,290.18,52.62,1.4976,62.53,22.69,213.47,0
5,8901.9,301.4,56.37,1.7413,77.21,26.22,256.92,2
4,10355.9,333.78,55.37,1.7827,78.95,23.24,256.28,2
3,7624.0,295.92,50.42,1.5223,71.94,25.35,225.37,0
6,9932.6,357.18,53.94,1.888,78.61,24.19,274.38,0
5,8420.1,306.78,52.36,1.5609,65.88,24.37,223.25,0
6,9524.4,323.81,52.75,1.866,72.37,24.24,242.87,0
5,8860.4,362.02,54.7,1.7268,73.93,24.79,254.29,3
3,7374.7,297.62,47.05,1.4542,67.87,25.02,205.11,0
5,9258.1,331.85,53.13,1.7354,74.47,25.69,260.15,2
2,9290.7,333.83,55.1,1.7428,76.36,26.09,265.75,3
2,9092.8,333.19,51.66,1.8077,78.51,24.91,246.52,3
3,8174.2,315.13,51.8,1.4764,67.59,26.44,222.11,0
6,9120.4,323.81,53.9,1.5641,74.84,24.67,240.47,0
4,10397.5,336.18,57.88,1.882,80.34,25.76,273.32,0
3,7717.2,294.52,48.8,1.5746,67.9,25.05,218.88,1
3,7307.3,306.24,47.58,1.5184,69.88,23.99,221.41,1
2,9096.2,356.57,51.46,1.745,77.39,24.8,249.47,1
4,10045.9,352.3,52.18,1.7905,77.7,25.16,252.9,0
3,7821.0,311.5,48.49,1.4591,74.06,24.58,208.72,0
4,10738.5,353.53,54.16,1.8435,79.48,25.08,263.6,2
3,7687.1,288.91,53.02,1.6726,69.75,25.58,240.44,1
2,8407.1,307.79,51.29,1.5945,68.9,24.62,220.55,0
6,9290.6,339.26,51.91,1.6028,76.53,21.41,252.79,0
3,7780.7,332.36,50.05,1.5474,72.65,26.5,224.62,0
1,8206.8,296.4,52.37,1.6242,68.75,24.34,233.96,0
3,6737.9,285.41,51.77,1.6579,70.69,23.77,229.71,1
4,10797.7,378.04,53.7,1.7181,84.33,23.45,261.21,2
1,8243.7,312.41,54.17,1.6467,70.44,24.32,244.0,0
2,8737.9,348.94,52.68,1.5745,72.34,24.08,234.06,0
1,8518.4,317.43,51.69,1.6471,70.81,23.9,230.17,0
4,10183.2,336.45,55.0,1.7782,71.77,23.97,239.51,3
5,8579.7,308.88,52.98,1.6941,80.1,25.31,263.4,1
6,9714.7,343.83,57.84,1.8217,75.19,26.97,269.19,0
3,8169.9,334.31,52.68,1.6835,70.27,25.65,245.36,0
6,10119.5,312.68,55.97,1.7389,72.8,25.99,261.56,0
2,9115.1,313.92,52.14,1.5645,73.24,24.35,245.4,0
5,8948.0,334.9,54.11,1.7784,72.47,24.89,247.26,3
4,10653.3,334.85,54.12,1.9152,83.31,25.25,267.36,3
5,8397.8,303.49,51.72,1.6244,68.49,24.06,235.96,0
5,9006.1,337.24,57.24,1.6323,69.8,24.33,250.89,2
4,10165.1,351.68,51.07,1.8375,79.77,25.74,255.57,1
2,9101.9,312.03,53.86,1.8444,74.11,26.01,260.53,1
4,10327.2,337.42,55.41,1.785,77.05,24.9,266.6,0
5,8960.4,296.81,51.85,1.6833,75.62,23.51,249.73,0
6,9637.8,309.9,53.39,1.6492,76.0,24.51,243.66,0
6,8616.6,317.02,51.7,1.5841,73.45,23.26,243.49,0
2,9057.2,320.2,52.56,1.5549,69.85,24.94,233.74,2
4,10605.5,319.26,55.88,1.7776,72.18,25.14,266.02,3
1,8342.7,298.88,50.89,1.5596,70.1,24.57,234.74,0
5,8767.2,297.27,55.82,1.6836,69.64,25.15,251.74,0
6,10125.5,339.57,54.44,1.719,78.37,25.35,259.94,0
1,8299.6,275.88,52.77,1.5497,65.59,25.18,230.79,0
4,10540.1,317.73,53.7,1.7056,76.15,23.58,262.82,0
6,9934.2,295.74,55.73,1.7753,75.15,24.64,265.39,0
6,9716.0,334.42,55.38,1.6351,76.3,25.37,257.22,0
3,7312.6,267.99,51.57,1.5606,70.75,26.67,233.69,0
1,7419.7,302.19,48.58,1.4893,69.54,24.64,213.55,0
6,9447.3,353.43,52.64,1.7085,74.17,25.55,257.45,0
6,9843.5,358.4,57.33,1.7105,81.65,25.92,262.04,2
4,10287.0,300.65,53.63,1.8077,75.53,24.75,258.4,0
6,9856.4,333.79,55.82,1.7948,81.54,26.24,269.2,2
1,8247.6,292.92,50.73,1.6034,71.0,26.3,226.83,0
4,10812.2,317.46,58.05,1.7164,78.17,26.51,274.17,0
1,8105.5,307.12,50.58,1.4925,71.76,25.5,219.51,0
6,9749.6,349.36,53.65,1.7241,77.74,27.6,270.93,3
5,8961.9,329.37,51.42,1.7531,73.27,24.34,235.05,0
6,10080.5,318.01,54.73,1.8142,77.04,27.36,257.13,2
4,9853.9,341.08,55.28,1.8264,82.13,25.88,265.69,2
1,8053.3,268.2,52.13,1.5563,74.52,26.51,238.83,2
1,8471.5,299.63,50.17,1.5582,76.37,24.7,242.76,0
3,8094.7,294.21,51.82,1.5781,67.26,25.99,230.31,0
5,8876.8,319.05,51.56,1.6716,70.2,26.64,245.66,2
1,8106.3,305.52,52.03,1.628,72.93,23.88,232.59,0
6,9842.3,325.72,55.53,1.9188,79.06,24.9,276.67,2
2,9278.0,318.91,52.36,1.6243,73.29,22.74,239.71,3
3,7484.9,302.74,50.87,1.5418,68.43,24.9,224.84,0
2,9105.7,329.89,55.54,1.6348,79.76,24.21,267.44,2
3,7977.8,310.44,50.96,1.6238,74.4,24.88,225.92,2
3,8204.9,305.14,51.52,1.7498,75.98,28.34,259.35,1
1,8437.6,320.05,53.78,1.5592,71.82,27.02,237.95,0
4,10414.1,349.43,52.74,1.8278,76.58,23.56,247.96,3
5,8782.7,306.6,52.53,1.7947,76.87,25.76,248.97,1
6,9778.4,326.49,53.62,1.6815,75.44,26.04,252.4,3
2,8963.0,339.51,51.63,1.6841,72.93,24.79,236.53,3
6,9660.7,306.42,53.71,1.8189,72.38,25.37,239.52,3
6,9261.5,354.36,54.96,1.7304,74.34,25.49,255.41,1
6,10015.1,306.06,55.75,1.8615,79.19,23.71,266.54,0
3,7235.1,293.37,51.16,1.3538,64.86,24.06,214.55,0
6,9461.7,306.98,54.34,1.7871,77.22,25.4,253.13,3
4,10431.2,374.13,54.91,1.8294,76.72,25.32,279.41,3
1,8837.1,308.15,48.63,1.5121,73.09,24.44,229.65,0
2,8864.7,308.5,53.0,1.5912,73.37,24.36,242.6,1
5,8586.9,307.78,48.65,1.6398,72.52,25.14,234.34,0
1,8023.7,309.98,48.77,1.5337,71.17,26.22,211.16,0
3,8130.8,303.53,51.32,1.6684,70.67,25.17,231.24,1
5,7900.0,304.51,52.42,1.6012,69.78,27.05,244.38,0
1,7879.1,243.14,50.18,1.5982,74.33,24.51,231.47,0
3,8474.0,314.24,54.72,1.6503,73.31,25.49,247.2,0
2,9189.1,321.4,53.9,1.7214,74.51,24.9,248.5,1
4,10046.1,349.2,54.57,1.8162,75.38,25.94,269.92,0
2,8986.6,342.42,54.86,1.7335,73.76,24.44,251.59,2
6,9621.6,322.46,57.42,1.7198,73.7,27.43,253.15,2
1,8470.8,327.87,52.23,1.7553,76.23,23.46,266.19,0
6,10188.6,312.25,54.49,1.8004,74.2,27.22,249.13,0
5,8924.3,331.98,52.08,1.6271,67.06,25.44,230.42,0
6,9427.3,313.4,51.67,1.7014,75.4,25.95,241.03,0
6,9851.9,307.05,54.96,1.7845,74.95,26.82,254.59,0
2,8776.6,313.2,51.41,1.4903,71.84,26.3,223.5,2
6,9269.3,347.17,52.62,1.7485,78.98,24.57,252.47,1
4,9836.8,331.46,55.09,1.8004,67.31,26.04,255.15,2
6,9099.2,347.03,50.91,1.7373,80.88,27.44,241.11,1
6,9313.1,308.97,51.13,1.7172,78.41,24.42,258.2,0
4,10023.1,349.12,54.87,1.7136,75.39,27.73,264.07,3
3,7700.2,292.96,51.09,1.5872,69.43,25.83,231.05,0
1,7816.2,310.03,50.19,1.5682,73.43,24.94,231.69,0
1,7194.0,303.03,49.34,1.6287,72.0,24.44,229.63,1
3,7265.9,311.83,49.07,1.4336,68.46,25.19,223.14,0
5,8649.0,319.65,49.3,1.5315,68.26,23.29,209.82,0
4,10206.3,318.96,53.97,1.7931,84.19,24.99,275.96,2
3,8086.2,324.79,51.17,1.7676,75.98,25.17,241.11,1
2,8803.7,348.01,51.79,1.6523,75.46,24.28,248.94,0
4,10681.9,326.99,56.31,1.7964,78.84,26.3,267.08,3
4,10393.9,301.3,55.9,1.6636,78.98,25.24,268.6,2
6,9586.5,334.44,54.84,1.6989,78.68,24.79,250.23,0
5,8532.7,307.9,51.2,1.6001,66.06,25.14,214.3,0
4,10381.2,331.83,52.96,1.8046,76.56,25.9,257.21,2
6,9355.2,332.92,55.75,1.6751,74.09,25.59,263.91,2
3,7654.4,295.98,51.26,1.5143,70.4,24.75,230.0,0
6,9524.4,319.93,52.49,1.8737,78.22,25.67,263.62,0
3,7297.7,298.47,50.82,1.6821,64.19,25.48,227.93,0
1,8517.4,340.15,53.54,1.7034,69.5,24.29,238.34,0
3,7736.6,305.64,53.74,1.6952,69.1,25.23,242.88,0
1,8056.6,286.38,52.29,1.7375,72.04,26.2,237.99,1
1,8246.6,289.19,53.89,1.8231,74.82,26.2,252.14,0
6,9573.2,327.81,52.02,1.7387,81.48,25.32,257.1,0
5,8522.4,293.42,52.64,1.5621,71.73,26.33,232.4,0
2,9022.6,291.13,52.2,1.8286,76.5,24.51,253.5,2
6,9401.3,334.85,53.9,1.6713,78.2,24.55,253.77,3
1,7897.6,319.19,53.85,1.5551,74.0,25.33,236.46,0
2,8480.7,306.66,53.42,1.5702,72.93,27.26,239.2,0
5,8685.2,320.82,51.23,1.6176,72.51,25.8,237.04,0
2,9181.4,324.38,51.31,1.493,71.39,25.33,223.27,0
5,8577.7,325.2,55.84,1.5418,69.92,27.34,244.18,0
6,10406.6,345.36,56.11,1.7805,79.39,25.33,266.86,2
1,8483.4,266.41,54.1,1.5515,71.62,28.11,240.56,0
1,8617.4,310.46,51.78,1.7053,72.0,25.1,235.86,0
6,9854.5,337.72,54.51,1.7807,79.09,24.56,270.71,0
4,10992.9,333.53,54.72,1.8742,78.41,25.49,275.91,3
4,10148.2,332.28,55.53,1.7954,74.17,25.41,253.86,2
3,6780.6,308.1,47.39,1.4421,68.58,24.8,212.81,0
3,7457.2,303.49,51.35,1.6536,73.55,28.56,246.22,1
5,8978.6,345.91,52.28,1.6801,71.75,26.06,234.71,0
4,10448.5,355.22,50.52,1.743,79.31,26.22,247.56,3
1,8288.2,309.04,51.3,1.4827,72.49,25.21,234.49,0
4,10822.7,335.48,54.42,1.8382,76.21,25.09,255.24,3
5,8922.3,266.84,53.22,1.5592,71.74,26.87,233.23,0
1,8455.7,307.14,51.57,1.6038,67.63,23.9,222.0,0
3,7299.3,275.93,52.8,1.5608,69.98,24.5,236.01,0
5,8449.5,316.93,52.71,1.4946,68.61,25.49,224.04,0
4,10916.5,342.83,57.45,1.9176,82.86,27.25,284.01,3
1,8232.3,323.08,52.62,1.6368,72.67,25.36,234.92,0
1,8000.6,333.15,53.22,1.6159,70.85,26.24,244.82,0
4,10201.2,331.74,55.89,1.8437,81.32,25.82,268.89,2
3,7392.3,342.36,51.71,1.483,68.29,27.22,213.54,0
6,9373.1,327.29,54.24,1.7422,72.96,24.06,242.01,0
4,9989.4,306.3,51.28,1.6155,69.95,26.62,239.51,0
6,9119.9,310.2,56.69,1.6867,78.91,25.6,269.44,2
2,8937.6,311.6,56.12,1.8174,80.48,26.84,278.26,1
3,7410.3,312.17,50.68,1.5635,65.24,24.93,210.66,0
1,8554.3,297.05,50.29,1.6342,70.1,25.87,228.95,0
4,10493.8,330.07,57.54,1.8203,78.18,25.74,290.04,2
2,9084.9,317.04,51.82,1.5108,72.84,24.75,232.5,0
3,7362.2,292.92,50.91,1.6498,70.14,24.46,226.55,1
3,7561.3,317.78,48.64,1.3847,71.01,25.23,215.03,0
2,9115.5,331.81,57.08,1.793,76.48,26.02,269.81,3
1,8429.2,333.72,49.7,1.7377,70.45,25.05,236.82,1
4,10370.0,328.11,55.43,1.8188,78.28,25.53,263.93,1
6,9945.3,351.04,50.52,1.7123,73.62,23.83,238.62,3
2,9002.6,294.48,53.05,1.6896,72.34,25.5,242.33,0
3,7853.7,281.4,51.24,1.5338,65.03,27.04,214.96,0
2,8843.2,295.43,55.18,1.8507,72.06,26.7,248.05,0
5,8220.0,310.59,51.32,1.5257,70.63,25.84,240.43,0
3,7685.9,326.19,53.13,1.5519,75.13,26.21,237.52,1
6,9832.1,317.31,52.61,1.7049,75.97,25.03,248.56,1
2,9184.1,312.44,53.89,1.8349,75.08,27.74,254.94,0
1,8335.1,307.8,52.78,1.5858,72.66,28.23,237.78,0
4,10288.5,343.48,56.24,1.7749,70.67,26.15,259.79,0
4,10141.8,322.96,56.92,1.8191,70.2,28.82,256.75,3
6,9776.6,317.94,55.4,1.8069,74.99,25.23,268.61,1
6,9736.5,302.88,54.34,1.8251,76.48,24.61,265.0,2
6,9420.5,313.33,54.72,1.8248,74.38,25.22,257.14,3
4,10755.0,359.5,54.59,1.823,76.43,25.76,259.46,0
3,7317.5,302.13,52.32,1.513,69.61,28.55,234.43,0
3,7413.3,288.23,53.23,1.5682,69.1,25.71,230.52,0
1,8723.7,338.21,49.8,1.6306,77.11,25.08,231.79,0
3,7877.9,296.12,51.91,1.798,73.89,25.04,252.23,1
3,7485.4,327.9,52.52,1.5181,69.67,27.29,223.85,0
1,8292.0,336.48,55.01,1.694,73.34,27.14,255.52,2
2,9049.5,320.55,54.36,1.5949,75.56,25.52,232.51,0
4,9521.4,297.76,53.47,1.7378,76.37,24.0,252.1,0
3,7309.9,341.62,50.81,1.5787,77.22,24.83,245.0,0
6,9583.7,332.39,53.9,1.7829,76.0,27.97,257.16,0
3,7485.9,296.51,50.63,1.6351,74.59,26.84,239.67,0
6,9679.1,343.68,52.34,1.7953,72.69,26.16,242.77,3
4,10761.4,351.02,59.42,1.9585,76.96,28.15,286.66,3
1,8097.1,332.67,53.54,1.5573,65.72,28.26,228.41,0
2,8661.6,303.35,51.34,1.5687,73.8,26.07,237.76,0
5,8904.0,323.68,53.64,1.6402,76.61,26.1,263.25,1
4,10295.5,311.9,57.03,1.7525,68.29,25.48,263.31,3
2,8950.1,330.44,54.75,1.7169,75.35,25.82,259.62,2
4,10306.6,332.96,53.3,1.8135,79.69,24.5,268.95,0
6,10317.4,338.55,49.79,1.7158,79.68,24.5,244.61,0
3,6883.0,293.08,49.83,1.566,65.18,24.26,212.57,0
1,8075.7,304.32,50.99,1.5055,74.72,27.35,222.79,1
2,8998.8,303.36,53.66,1.639,74.03,24.45,238.11,0
6,9350.0,337.08,56.37,1.6835,77.76,28.32,256.42,2
5,9087.9,346.78,54.98,1.6959,75.06,25.38,253.93,0
6,9860.2,318.44,58.37,1.9023,77.56,28.1,269.92,2
6,9584.7,335.4,56.15,1.7717,79.96,25.79,268.68,3
1,8113.4,317.03,54.06,1.6328,71.86,24.48,241.11,1
2,8964.2,318.75,56.15,1.771,75.35,27.62,253.37,1
1,8166.5,282.35,55.07,1.6506,75.87,27.75,261.69,1
1,8174.9,286.5,51.61,1.6248,71.31,25.22,225.85,1
6,9539.8,310.88,52.06,1.6875,71.53,25.86,248.71,0
6,9680.8,287.99,58.06,1.7094,77.27,25.24,253.56,0
1,8441.0,338.2,52.57,1.6531,78.75,26.11,248.91,1
5,8406.3,319.09,54.49,1.7235,77.61,26.36,248.45,2
4,10063.8,330.16,54.09,1.8853,79.47,25.87,263.75,1
1,7640.5,264.62,51.96,1.5849,62.01,24.26,230.52,0
6,9877.2,295.82,50.66,1.8443,73.45,25.63,245.54,1
6,9680.1,326.44,54.19,1.7592,74.13,27.05,247.19,2
4,10561.7,371.65,55.68,1.7997,79.48,26.05,273.25,3
5,8342.6,299.19,52.98,1.6782,78.24,25.93,248.68,1
3,8171.2,325.43,53.4,1.5882,69.25,25.27,235.66,0
5,8605.2,306.02,50.78,1.6651,80.87,25.63,243.19,1
3,7653.8,305.19,53.0,1.6025,69.93,27.86,228.48,0
6,9873.4,350.47,56.28,1.792,74.64,25.06,257.73,3
1,7884.2,300.5,55.76,1.5686,74.45,27.11,252.82,0
2,8825.2,304.66,54.33,1.7895,76.82,26.38,256.73,0
6,9657.3,351.76,53.89,1.6258,79.04,26.6,248.48,3
2,9914.4,329.88,52.55,1.699,74.1,25.53,248.89,0
2,9096.4,339.7,56.38,1.8314,77.0,25.96,267.16,0
5,9314.0,310.12,55.15,1.7357,71.35,26.35,254.9,2
2,9385.8,348.56,53.81,1.6715,73.46,25.79,244.94,0
4,10517.8,340.62,53.46,1.9381,77.98,26.73,266.69,3
2,8683.5,323.34,51.69,1.587,71.15,26.87,236.68,0
2,9339.1,325.1,56.04,1.6208,78.94,28.77,253.79,2
6,9120.6,311.23,54.37,1.717,72.52,26.69,255.32,0
2,9512.3,324.6,50.31,1.5462,74.96,24.29,236.2,0
1,8264.0,302.94,53.86,1.5457,69.45,27.68,227.51,0
5,7951.9,324.74,49.21,1.6486,75.97,26.18,228.61,3
6,9491.0,320.75,57.37,1.7064,73.29,28.62,259.06,2
1,8409.3,285.56,53.56,1.7166,76.11,28.03,247.57,0
5,8724.2,285.74,52.08,1.5888,76.53,25.87,248.05,0
4,10628.8,305.84,58.02,1.8918,75.98,27.22,273.81,2
5,8528.0,324.93,53.04,1.5245,73.76,25.78,240.47,1
1,7782.1,284.88,53.68,1.6803,69.28,26.44,232.96,0
6,9577.1,330.75,54.87,1.7242,77.89,27.19,260.07,0
4,10410.1,336.97,56.5,1.9273,77.31,27.68,282.69,1
6,9488.5,323.21,54.25,1.6518,74.2,27.44,248.85,0
3,7992.7,315.81,52.36,1.7502,72.42,26.55,239.29,1
6,9327.9,325.46,57.91,1.6366,69.97,29.2,247.53,0
4,10500.2,286.73,54.95,1.6567,76.39,26.08,257.24,0
1,8221.8,304.61,52.57,1.6426,74.61,24.72,251.94,0
6,9101.9,327.77,51.63,1.7712,75.42,24.93,239.74,3
5,8377.9,341.68,49.91,1.6996,77.08,28.12,241.88,3
2,9003.8,349.4,53.83,1.7734,74.11,26.42,241.36,0
4,11034.0,316.84,57.45,1.9119,77.11,26.68,274.67,2
3,7785.4,299.34,51.17,1.4763,67.53,25.92,222.39,0
4,9847.8,300.14,52.29,1.769,74.3,26.02,239.92,3
6,8604.6,342.01,53.03,1.7287,81.01,25.66,255.02,1
6,9834.6,346.41,55.52,1.727,77.98,27.05,264.76,0
2,8969.2,324.97,52.03,1.6642,72.59,26.43,241.63,0
6,9965.2,332.61,53.13,1.7146,73.48,27.02,251.43,0
3,7318.2,325.35,50.61,1.5986,65.69,26.92,214.3,0
5,8912.1,339.84,54.26,1.6292,72.09,26.09,246.43,0
5,9070.8,340.62,53.66,1.6798,77.85,24.96,249.98,1
3,7456.8,310.25,48.97,1.4637,69.51,24.87,221.51,0
3,7463.7,295.81,52.72,1.6795,67.29,29.9,217.18,1
3,7608.1,317.5,53.44,1.5161,68.62,28.21,227.78,0
6,9773.7,342.2,53.55,1.8622,79.0,28.06,264.9,2
3,7595.4,300.12,51.11,1.4797,70.68,25.85,233.73,0
2,9311.7,316.11,56.22,1.7541,72.91,26.61,257.89,0
3,7452.2,322.37,48.68,1.5394,70.27,25.71,221.7,0
2,8574.9,344.28,54.14,1.8325,81.84,25.17,268.83,1
3,8232.6,297.07,54.67,1.7606,76.35,25.97,264.17,1
1,8006.5,303.33,52.25,1.6527,76.91,28.08,242.81,1
1,8018.1,314.52,51.85,1.5051,66.32,27.55,213.24,0
5,8778.9,325.33,54.44,1.7999,73.68,25.57,243.8,1
1,8221.5,301.03,51.9,1.5427,70.1,26.29,234.44,0
4,10276.3,366.94,52.21,1.6176,80.44,27.47,255.22,0
5,8794.4,324.34,52.84,1.5598,77.8,26.02,244.36,0
5,8787.3,326.22,54.04,1.5684,75.35,26.74,242.21,1
3,7655.9,335.88,52.82,1.6097,69.19,27.1,233.98,1
2,8245.6,302.62,51.17,1.75,70.15,27.1,238.25,1
6,10201.9,330.63,55.21,1.655,79.45,26.95,265.09,0
6,9552.9,302.52,55.75,1.7069,77.58,25.96,254.31,0
4,10585.8,333.34,55.79,1.8327,78.71,26.08,259.19,2
1,7759.0,278.55,48.65,1.6576,71.09,25.44,221.23,1
1,8049.3,322.0,53.35,1.5633,72.73,24.98,229.66,1
2,8784.9,324.19,52.87,1.7184,75.09,26.58,239.49,0
1,8670.3,310.39,55.21,1.6835,75.95,27.61,264.93,0
6,9412.5,321.73,51.41,1.9064,77.56,25.19,242.7,0
2,9242.6,335.37,53.94,1.7229,75.55,27.02,256.43,0
2,8791.9,296.27,54.47,1.7011,73.18,27.59,255.37,0
6,9455.2,327.68,53.37,1.7208,75.39,24.71,258.32,0
5,8721.4,328.53,51.17,1.5883,71.52,26.44,235.05,0
2,9410.8,291.44,51.23,1.7271,71.81,28.55,249.61,0
3,6995.2,309.28,53.12,1.4739,71.82,27.35,242.08,0
4,9979.0,299.64,54.73,1.5873,73.52,24.69,246.55,2
4,9776.9,325.43,57.05,1.793,79.06,27.48,274.43,2
6,9252.0,300.83,55.18,1.7757,74.28,25.94,265.45,0
6,9340.3,348.51,55.46,1.7203,78.86,27.53,257.08,0
6,9083.4,299.09,52.94,1.7135,76.21,26.01,249.31,1
1,7965.1,277.91,52.75,1.5312,73.93,26.72,233.01,0
2,8355.3,314.31,54.66,1.7185,71.36,26.19,250.09,2
4,10074.2,323.37,55.5,1.8429,78.25,26.79,256.14,3
1,8584.1,287.34,55.77,1.6984,75.16,26.17,264.9,2
3,7729.1,314.49,49.12,1.5148,66.39,26.55,218.78,0
1,8260.0,275.01,49.36,1.5268,77.38,25.51,237.72,0
6,9279.1,303.42,55.91,1.6964,82.29,27.35,252.63,0
1,7708.5,294.44,50.37,1.5779,74.24,27.01,225.94,1
1,7835.5,320.63,54.32,1.6805,74.81,25.04,258.32,1
2,8986.2,342.17,56.24,1.782,77.14,27.92,263.02,0
1,8477.8,333.11,55.29,1.6367,72.7,26.64,236.56,3
4,10688.8,334.82,57.86,1.9041,78.12,27.01,280.44,2
3,7801.8,262.13,50.63,1.6945,73.53,27.68,241.74,0
6,9364.0,330.04,51.75,1.6569,72.26,27.21,243.53,0
2,9007.9,345.56,56.62,1.7179,71.68,28.13,253.57,0
4,10297.2,355.48,53.22,1.7519,76.94,26.53,264.24,0
4,10335.6,342.02,58.83,1.8516,80.2,28.0,277.57,2
4,11051.9,320.16,58.09,1.8603,75.87,27.0,278.83,2
5,8236.2,301.14,52.58,1.7398,71.56,27.43,243.16,0
2,8924.9,352.98,54.46,1.7658,74.97,27.32,254.19,0
4,10787.8,313.16,57.87,1.8827,74.61,28.25,270.66,2
5,8330.9,290.98,52.63,1.5129,63.93,27.68,219.64,0
6,9394.0,340.3,56.4,1.6505,72.45,26.4,253.29,0
4,10230.7,324.78,57.6,1.8525,78.11,26.19,273.22,0
4,10328.5,312.34,56.05,1.9098,78.71,26.85,278.79,3
6,9089.3,347.49,52.53,1.8336,77.19,26.07,252.71,3
4,10590.5,344.79,57.85,1.6828,80.66,25.75,283.64,2
6,9813.2,321.07,50.79,1.875,74.11,24.57,246.46,3
1,8362.7,291.37,52.68,1.6311,69.44,25.22,241.17,0
3,7321.5,337.39,53.12,1.6535,72.77,29.11,246.35,1
1,8227.7,310.06,50.85,1.4649,71.86,26.21,227.82,0
1,7912.2,332.19,54.41,1.6366,75.67,29.03,248.99,0
3,7493.6,318.51,51.45,1.6352,72.59,27.38,230.2,0
2,9689.1,317.2,53.92,1.6882,80.23,26.89,256.43,2
3,7630.6,294.7,52.38,1.3432,69.28,25.3,221.86,2
3,7220.0,325.45,49.14,1.5781,74.56,26.96,228.79,0
4,10457.7,361.36,58.32,1.9084,85.72,29.04,299.09,2
6,9167.4,287.06,51.54,1.7763,74.05,28.68,243.73,0
6,9216.3,331.28,54.66,1.7199,76.99,27.27,254.77,2
3,7266.8,297.75,50.49,1.4944,67.03,25.71,207.06,1
2,8857.8,298.84,52.2,1.7364,76.61,25.92,254.13,0
5,9099.8,324.81,54.12,1.8136,78.69,26.04,265.58,0
1,8385.1,287.94,53.21,1.5639,70.57,28.39,241.92,0
4,10567.4,327.84,58.69,1.9398,80.02,28.79,292.25,3
3,7248.3,285.36,51.92,1.5107,70.74,27.21,232.87,0
2,8826.8,308.1,54.05,1.6904,75.11,26.67,256.2,3
4,10487.0,334.07,57.3,1.9074,80.81,28.71,285.02,2
2,8798.9,298.51,52.21,1.7319,75.2,25.93,252.55,2
2,8910.9,346.34,53.14,1.7028,74.63,27.07,236.31,0
4,10541.2,344.83,56.82,1.7781,81.31,27.53,268.05,2
2,8888.4,350.07,52.89,1.5745,78.95,26.07,240.47,0
5,8872.3,314.71,55.03,1.6613,72.19,26.33,256.36,0
1,8709.7,305.93,53.11,1.7309,73.46,26.25,242.09,2
3,7545.0,334.65,52.68,1.5614,65.87,28.59,221.22,0
5,9177.4,310.55,52.68,1.7226,76.57,29.14,251.34,1
2,9179.0,317.76,55.61,1.7582,78.97,27.17,256.4,2
5,8330.5,324.6,51.64,1.6367,72.36,26.75,239.38,1
5,8447.3,290.64,50.93,1.542,72.91,26.39,218.37,0
6,9333.2,335.47,56.93,1.802,74.92,27.06,256.77,2
2,8726.5,326.49,54.19,1.7283,72.82,26.46,250.42,0
5,8771.1,339.33,54.92,1.6721,75.39,26.96,244.72,2
6,9796.7,343.78,55.96,1.7814,74.22,27.52,269.13,0
5,9201.7,344.62,53.76,1.573,74.86,26.63,245.85,0
2,9098.6,318.1,53.4,1.6761,71.57,26.87,251.07,0
5,8657.4,299.7,54.39,1.6754,75.17,26.88,253.19,2
1,7533.7,340.85,53.1,1.6904,72.86,26.74,242.03,1
4,10422.6,307.17,55.74,1.7744,75.64,26.6,256.71,0
3,7608.2,278.01,55.22,1.6659,70.44,27.93,249.62,1
4,10458.5,345.22,54.98,1.7711,77.57,25.15,266.7,0
4,11074.0,371.06,55.6,1.727,84.28,28.83,288.61,2
1,8597.0,317.98,50.45,1.5939,72.09,27.26,237.62,0
4,10651.2,355.15,54.01,1.847,81.18,27.78,267.42,0
6,9292.1,286.29,53.93,1.6902,71.7,27.91,248.24,0
3,7435.8,292.8,50.59,1.579,73.17,26.34,233.88,0
2,8969.6,284.94,54.41,1.6787,76.91,26.12,261.87,0
6,9351.9,336.92,53.83,1.7276,79.43,25.99,267.87,2
1,8360.1,284.11,54.01,1.6,77.08,26.86,247.85,2
3,7714.2,281.86,52.13,1.4332,71.65,27.9,219.48,0
4,10051.7,339.82,55.23,1.812,81.51,26.5,259.2,2
3,7983.0,326.93,51.53,1.5926,78.09,27.81,235.21,0
6,9632.7,323.1,56.0,1.8027,72.11,24.54,254.32,2
3,7046.7,307.78,48.05,1.3086,67.98,26.73,214.59,0
6,9583.6,335.1,55.76,1.7292,71.09,28.44,262.73,0
1,8290.0,307.31,52.3,1.8137,76.24,26.97,257.9,1
5,9111.3,300.52,54.85,1.642,69.02,26.25,250.58,0
4,10292.0,343.38,55.54,1.7459,71.86,26.44,250.94,2
2,9264.9,332.95,52.85,1.6978,71.71,23.84,233.82,3
2,9059.9,335.75,53.01,1.6724,69.19,26.06,232.34,0
5,8379.2,317.79,55.54,1.6438,74.06,28.34,237.35,0
4,9947.1,308.39,55.07,1.6541,72.45,26.54,243.32,0
4,10759.2,350.78,59.57,1.8757,73.37,26.67,272.81,2
1,8582.7,314.39,52.51,1.5009,73.31,24.62,236.62,0
4,10503.3,326.85,55.51,1.874,77.92,25.4,271.06,0
6,10078.6,325.56,55.86,1.6982,70.57,28.5,247.66,0
1,8538.1,301.49,54.27,1.6361,70.55,27.88,245.48,2
3,7818.8,322.01,50.39,1.531,71.83,25.77,223.09,0
3,7308.4,274.87,51.06,1.6289,68.38,26.51,227.09,0
6,10154.1,313.81,55.67,1.7942,75.62,27.18,256.0,2
2,9171.6,314.97,54.07,1.7151,78.72,25.9,265.06,0
3,7476.5,331.29,51.03,1.6002,78.94,25.01,241.95,1
5,8586.2,333.42,53.74,1.6435,72.97,27.04,248.72,0
1,8282.2,281.57,53.1,1.761,67.35,27.85,230.48,1
5,8265.3,335.24,55.44,1.5559,72.62,27.88,245.41,0
5,9023.9,343.55,54.95,1.7973,75.92,28.19,263.08,1
5,8494.9,292.31,56.48,1.718,72.43,25.52,240.9,1
4,10518.6,290.32,56.38,1.9462,78.87,27.3,284.7,1
5,8633.1,313.66,54.66,1.7886,81.06,26.94,256.9,1
5,8715.4,336.07,52.18,1.6034,68.56,27.15,233.51,0
6,9357.8,351.58,56.56,1.813,74.47,27.01,274.8,3
3,7548.4,287.36,50.09,1.6071,75.71,26.52,241.27,1
3,8204.6,341.79,51.91,1.6611,71.71,23.93,227.72,0
4,10843.2,299.17,56.91,1.9736,80.43,28.53,281.64,0
2,9113.4,313.62,54.91,1.7339,76.69,27.62,265.97,1
6,9591.9,318.0,53.74,1.7346,79.89,25.63,255.17,0
5,9070.1,340.51,52.92,1.7015,81.77,27.78,256.24,2
4,10761.6,361.75,56.03,1.888,80.58,26.78,274.25,3
2,8734.5,333.26,55.7,1.5754,68.4,26.81,244.25,2
3,7575.2,279.02,51.97,1.5137,67.9,26.43,214.46,0
3,7017.0,312.71,48.87,1.4953,77.55,27.87,233.07,0
4,10759.4,347.52,58.06,1.8559,74.21,26.4,267.89,3
5,9460.8,293.99,52.66,1.6597,76.38,26.08,248.88,0
5,8825.6,279.88,55.29,1.5077,64.38,28.53,229.29,2
6,8920.0,336.8,54.54,1.571,70.24,27.09,244.07,0
6,9794.8,324.5,56.05,1.7536,79.32,27.13,267.26,2
5,8510.7,290.48,56.37,1.6414,72.71,28.06,260.51,2
3,7387.7,297.52,49.65,1.5359,69.16,26.56,227.34,0
4,10600.5,343.16,57.19,1.803,75.79,26.79,264.02,2
3,7681.5,303.0,53.91,1.5623,64.43,27.64,235.7,3
4,10243.8,304.75,54.12,1.8277,79.01,25.61,267.5,2
5,8592.1,348.45,52.13,1.6979,73.53,27.55,244.14,0
3,7640.3,322.12,50.89,1.3755,66.53,26.48,219.39,0
4,10269.0,326.92,56.82,1.7261,77.48,28.26,259.98,2
1,7845.0,300.98,50.02,1.6244,73.48,27.92,223.94,1
5,8693.6,322.1,54.46,1.686,73.24,27.78,248.85,0
3,7708.7,284.46,48.81,1.6145,71.12,25.56,221.77,0
3,7543.0,308.78,53.57,1.4709,71.23,27.21,245.35,1
4,9947.7,305.47,55.67,1.7118,73.65,26.03,251.49,0
2,9316.5,321.21,57.43,1.7302,75.39,27.29,263.88,1
4,9523.6,303.73,54.72,1.7655,77.61,24.79,262.21,0
5,8657.2,295.1,52.13,1.676,76.55,25.64,254.78,0
3,7401.5,331.04,50.6,1.6093,74.16,28.65,227.36,0
1,8247.4,311.79,53.23,1.6003,70.38,27.75,226.08,0
3,7779.7,309.31,51.72,1.7041,73.78,26.96,249.94,0
2,9360.6,286.76,55.94,1.8692,75.84,26.35,266.26,0
3,7372.0,290.35,49.3,1.4158,67.78,26.16,218.15,0
4,10587.7,344.77,59.75,1.8573,77.0,27.57,286.53,2
1,8262.7,314.38,54.59,1.7278,75.09,26.98,259.34,1
5,8252.3,272.0,53.08,1.7047,76.17,29.06,246.65,0
2,9608.2,329.42,57.66,1.6879,69.9,27.16,250.77,0
6,9139.6,327.13,52.89,1.761,80.58,27.43,246.36,1
5,8934.2,341.38,53.48,1.6048,78.96,25.84,245.17,0
2,9124.8,308.58,51.88,1.6782,75.1,26.97,245.43,0
4,10488.2,295.01,59.31,1.7261,76.06,27.56,268.04,2
1,8041.7,290.52,49.55,1.6202,72.93,26.96,223.74,2
1,8464.7,293.36,50.51,1.5059,70.4,26.84,226.26,2
6,9100.7,333.37,53.19,1.6997,74.51,27.74,257.24,0
5,8778.9,267.67,56.36,1.6658,67.45,29.05,244.5,0
1,8019.6,300.14,53.93,1.5703,65.92,27.54,222.76,0
2,8783.3,342.28,54.28,1.7116,82.64,28.64,271.71,2
2,9137.2,320.64,56.04,1.7094,75.02,28.07,252.73,0
3,7944.8,323.53,52.53,1.7001,73.08,28.58,251.79,0
2,8890.2,288.24,54.12,1.6438,73.21,26.72,244.68,0
2,9249.8,292.91,56.85,1.7078,71.4,27.16,255.57,2
4,10415.9,360.45,55.68,1.765,77.64,27.17,275.75,3
2,8714.3,317.68,52.48,1.7341,74.14,28.0,237.84,2
6,9517.5,326.55,55.85,1.7481,75.11,28.27,252.93,2
5,8704.2,295.62,54.68,1.5914,70.59,27.54,239.36,0
5,8577.1,316.16,53.81,1.6754,75.13,28.37,248.12,0
2,9137.1,299.88,55.47,1.6991,74.82,26.78,272.59,0
5,8875.1,338.99,53.8,1.8027,76.14,28.38,250.59,1
6,9091.0,369.1,54.73,1.7378,78.56,28.53,251.88,2
2,8471.5,321.9,53.98,1.5471,72.87,28.16,234.5,0
5,8935.9,306.87,54.33,1.7192,73.4,27.56,251.97,0
3,7339.1,255.12,54.17,1.7439,74.11,28.2,251.91,1
5,8896.7,287.54,53.93,1.7349,70.1,26.43,240.38,3
3,7849.9,334.34,51.68,1.4511,66.14,27.64,219.17,0
5,8393.3,293.8,53.93,1.6398,74.33,27.75,258.95,2
1,7748.3,298.56,52.91,1.5673,69.09,25.96,231.59,0
3,8135.8,321.29,53.99,1.5984,69.06,27.95,238.47,0
2,9112.5,346.92,54.67,1.7701,78.55,26.05,273.83,2
2,8865.8,313.93,51.11,1.6186,73.54,26.96,233.15,0
2,8701.1,308.43,49.47,1.5101,69.23,27.47,217.29,0
3,7436.7,303.09,53.12,1.7037,77.29,26.63,246.07,1
1,7819.0,294.71,52.77,1.4568,65.78,27.52,218.15,0
5,9082.7,309.58,54.05,1.6318,74.07,27.51,235.53,2
4,10151.4,339.08,56.5,1.6578,71.07,26.53,254.1,0
5,9149.9,323.98,57.51,1.7956,75.85,28.06,268.3,2
5,8671.8,353.76,55.31,1.6809,72.64,26.6,248.75,0
1,7866.1,314.43,54.71,1.7132,74.74,29.96,252.62,1
1,8063.6,329.42,50.96,1.5381,72.76,27.32,232.77,0
3,6760.3,275.08,48.59,1.417,73.04,26.16,209.21,0
3,7561.4,312.63,47.35,1.4727,69.8,26.36,215.94,0
2,8945.6,305.39,55.38,1.6351,68.49,28.71,246.31,2
5,9063.9,326.82,55.62,1.7385,75.65,27.0,248.13,1
4,9796.4,340.15,56.48,1.6437,75.92,25.95,268.56,0
5,9171.8,321.79,55.68,1.7009,68.73,28.39,239.04,0
1,8462.6,356.42,52.63,1.5501,70.88,27.0,226.65,0
5,9200.7,346.91,53.65,1.6369,73.22,28.17,246.78,0
2,8983.1,340.0,53.02,1.8216,80.35,28.48,264.97,1
3,7924.4,320.93,52.08,1.4565,74.67,27.76,238.21,0
3,7129.2,330.16,50.48,1.5429,69.69,30.09,227.19,0
5,9028.2,293.44,55.99,1.7465,75.36,25.56,256.05,1
2,8753.2,340.95,51.08,1.5232,67.68,26.56,225.37,0
2,8471.6,295.34,52.66,1.583,70.73,27.18,233.22,2
3,7240.3,289.48,49.07,1.6144,71.25,29.95,226.67,1
3,7601.8,313.72,53.0,1.737,71.94,29.44,242.99,1
2,8736.2,338.3,54.11,1.7428,72.66,28.88,246.0,3
2,9120.3,299.56,53.19,1.8252,74.01,26.59,250.7,1
2,8421.4,303.41,51.21,1.5759,73.94,26.72,223.77,0
3,6919.3,297.87,50.23,1.3849,69.43,26.56,220.8,0
3,8039.2,305.08,51.17,1.6144,74.96,26.61,239.97,0
3,7889.2,322.15,52.63,1.6725,73.32,29.11,226.55,1
5,8464.2,374.95,56.1,1.5705,76.76,27.2,258.53,2
2,8999.0,326.54,54.16,1.679,80.52,27.35,258.72,0
6,9926.2,315.96,56.63,1.7463,79.14,28.33,262.7,2
5,8934.1,294.94,52.32,1.7428,79.53,25.65,248.39,0
2,9047.4,313.67,52.79,1.6755,72.13,27.54,238.27,0
2,9350.4,305.93,53.96,1.6027,69.4,26.27,233.47,0
2,8766.2,324.84,57.44,1.7239,73.68,27.16,254.5,0
2,9010.0,327.25,53.23,1.5926,73.97,26.84,254.24,0
3,7594.3,295.2,51.98,1.5813,75.77,26.78,241.46,1
1,8112.7,344.97,51.3,1.4787,69.54,27.73,238.05,0
1,8075.3,295.59,48.16,1.5444,71.56,27.73,224.12,0
3,7623.3,301.71,50.38,1.5064,72.44,27.24,230.64,0
5,8811.0,328.43,57.62,1.7757,74.7,27.89,258.25,2
2,8664.5,331.37,53.96,1.6642,73.55,26.53,245.71,1
6,9856.6,351.42,58.26,1.7988,78.46,28.24,274.09,2
3,7287.6,307.88,50.55,1.7012,74.21,27.26,241.37,1
6,9530.2,343.75,50.8,1.7752,81.55,26.96,256.33,3
2,8905.5,305.99,51.65,1.6288,73.99,26.61,242.56,0
4,10514.6,352.19,56.89,1.7648,75.87,27.22,268.74,2
5,8121.9,325.63,53.79,1.5909,78.04,29.55,246.87,2
1,8485.1,340.57,53.08,1.6136,70.37,27.42,234.54,0
6,9383.4,293.19,53.18,1.7799,80.59,26.23,257.08,0
3,7990.4,291.56,54.26,1.5169,76.1,28.5,250.94,2
3,7447.0,316.73,50.44,1.4911,76.2,26.97,229.67,1
4,10384.4,286.5,56.79,1.7887,78.73,27.8,273.48,0
4,11012.4,349.99,57.2,1.7219,72.44,26.83,260.75,0
1,8111.3,328.3,52.53,1.5884,69.35,28.9,239.25,0
6,9996.4,319.59,53.86,1.7801,77.62,26.84,247.24,0
4,10412.5,326.79,56.17,1.7819,75.37,29.03,266.29,0
6,9732.9,307.73,57.63,1.8087,74.6,26.34,259.0,0
3,7622.4,294.46,53.39,1.5602,72.92,27.17,240.34,0
4,10671.3,328.52,58.9,1.8514,77.69,29.04,278.36,2
3,7380.6,288.9,50.18,1.4184,66.02,27.68,202.99,0
6,9285.1,308.86,53.15,1.7473,77.78,30.0,257.81,1
5,8595.7,309.67,54.93,1.6934,75.09,27.2,254.35,0
6,9631.9,320.86,56.53,1.6643,75.01,27.78,256.83,2
4,10329.3,367.36,57.18,1.8395,81.13,29.59,277.36,2
5,9027.3,312.2,52.7,1.6769,74.65,25.83,247.33,0
3,8017.5,314.39,49.28,1.6345,76.8,25.7,244.43,1
3,7287.7,289.78,52.23,1.5769,70.51,26.62,229.03,0
5,8565.1,303.6,55.53,1.6617,77.6,28.39,263.53,2
1,7740.4,274.47,50.1,1.5498,64.12,25.73,215.62,1
5,9449.7,295.66,53.72,1.7655,76.28,28.16,264.46,2
1,8297.5,289.55,55.05,1.5805,70.76,28.08,239.97,2
4,10553.5,339.4,56.34,1.7145,75.42,29.72,258.08,0
3,7171.1,318.25,54.35,1.5593,74.55,28.65,234.77,0
3,7599.6,271.44,51.7,1.4759,73.13,27.9,229.78,2
3,7763.0,295.51,51.98,1.532,64.35,28.99,215.2,0
3,7519.1,278.11,51.9,1.6682,72.57,28.09,246.65,1
3,7944.2,302.63,51.43,1.7125,73.78,26.99,235.14,0
3,8339.8,331.1,54.17,1.5475,70.99,26.24,233.57,0
4,10096.9,323.02,56.86,1.8304,74.05,26.87,269.48,0
5,8472.9,312.35,54.83,1.6195,67.76,27.46,246.07,3
4,10119.1,357.5,56.12,1.6101,76.83,27.69,263.39,2
4,10914.0,348.3,55.3,1.8118,78.76,25.15,276.02,0
6,9933.6,315.59,55.33,1.7593,79.04,27.26,264.9,2
6,9556.6,327.98,54.17,1.8322,76.82,27.53,260.63,1
1,8211.7,295.43,55.29,1.5472,68.5,28.1,250.31,0
5,8538.7,321.49,55.57,1.7277,74.39,29.29,265.93,2
2,9284.8,331.41,54.34,1.7015,74.58,27.7,256.89,0
2,8878.4,293.05,51.85,1.5145,70.26,26.5,237.62,0
5,8716.8,319.04,55.12,1.5933,68.47,25.5,245.27,2
1,8394.8,310.23,53.52,1.7771,75.06,28.25,244.08,1
6,9539.8,334.74,54.2,1.735,77.59,26.54,258.01,3
5,8724.8,330.94,56.39,1.7875,76.14,28.45,272.52,2
6,9603.4,334.23,54.74,1.7852,73.72,29.03,260.89,0
5,9054.5,314.14,52.81,1.6521,75.02,25.8,245.76,0
6,10126.9,348.2,55.64,1.6538,73.04,28.11,263.23,0
1,8387.4,296.55,51.46,1.4985,69.16,28.92,228.46,0
6,9857.1,304.66,56.3,1.88,75.95,28.62,273.33,1
1,8136.0,251.98,50.38,1.5942,71.54,25.19,232.71,1
2,8773.5,315.25,52.28,1.4749,68.34,26.56,230.35,0
1,8409.3,297.71,51.28,1.6451,69.0,26.09,235.48,2
3,7654.8,311.36,51.1,1.4211,70.17,28.07,230.27,0
5,8344.8,276.31,51.75,1.5785,75.07,27.95,248.16,0
2,8895.0,306.2,52.93,1.6494,71.1,24.53,237.27,0
5,8773.5,324.97,53.2,1.8621,74.65,27.16,257.03,1
4,10236.7,314.07,56.37,1.868,77.75,28.37,279.88,2
4,10874.2,346.98,60.78,1.8556,78.4,27.65,285.92,2
6,9753.5,317.26,54.97,1.7626,76.91,27.65,252.48,2
3,8039.4,307.84,53.21,1.6416,67.55,27.09,227.64,1
3,7684.3,315.24,52.5,1.6712,69.36,26.32,229.36,1
6,9626.0,343.04,54.84,1.7754,81.38,27.47,264.56,1
4,10100.3,332.77,56.17,1.8235,82.31,27.55,270.85,2
4,10403.8,319.79,56.51,1.7775,80.31,28.16,279.15,2
2,9004.2,310.8,54.6,1.78,77.97,28.25,258.86,2
2,8562.5,325.65,52.35,1.6651,67.54,27.58,241.48,0
2,8827.4,298.72,53.38,1.492,70.27,28.69,226.18,2
2,8896.5,314.66,53.63,1.6394,73.06,27.07,242.34,0
2,9132.3,313.51,50.33,1.6427,82.8,25.89,251.7,3
5,8947.6,316.56,56.47,1.7157,73.22,28.01,261.47,2
1,8014.0,289.99,55.88,1.5679,74.06,27.62,255.09,0
4,10550.0,302.72,56.92,1.736,78.52,28.03,266.12,0
6,9541.7,334.33,55.29,1.8414,77.28,26.09,271.69,3
5,7881.7,324.05,54.71,1.6119,72.19,29.45,232.14,0
3,7444.9,269.63,49.66,1.4831,65.64,28.26,219.28,0
1,8545.3,320.64,54.56,1.6151,64.38,27.16,223.84,2
6,9061.8,339.18,52.92,1.8019,79.56,26.45,262.33,3
1,8236.1,321.32,56.88,1.6213,70.84,28.66,255.8,0
5,9307.3,314.88,53.62,1.6184,68.64,26.26,243.78,2
5,8556.6,297.14,55.73,1.6585,74.37,29.96,241.92,1
2,9000.7,320.47,53.37,1.7789,75.94,26.8,251.26,0
5,8382.7,316.67,57.26,1.7037,75.71,29.36,265.21,2
2,9520.7,326.45,53.87,1.7398,79.58,27.27,264.92,2
2,8973.3,315.46,56.49,1.7163,71.18,29.21,255.08,3
5,8814.9,297.48,54.3,1.786,70.46,26.66,234.18,0
6,10033.4,337.98,56.24,1.7862,76.13,27.49,272.83,2
2,9211.7,329.8,55.01,1.725,78.03,28.35,269.04,1
6,9319.8,326.13,53.68,1.7911,68.21,28.19,245.75,1
6,9392.9,325.32,50.93,1.7893,75.92,28.67,250.39,0
5,8958.4,348.77,55.36,1.8295,78.44,26.92,268.74,1
1,8000.3,296.76,51.59,1.5815,74.73,27.55,246.84,1
2,8322.5,334.61,55.3,1.6413,75.92,28.83,254.07,1
5,8783.0,303.4,53.82,1.5659,77.16,26.68,246.74,0
6,9126.3,340.35,56.32,1.7175,66.04,28.08,247.97,2
5,9317.2,344.69,55.62,1.7936,81.39,27.21,269.81,1
3,7656.6,298.95,47.93,1.4037,72.17,27.68,216.21,0
2,8710.3,345.71,54.49,1.8163,79.2,27.54,251.58,1
6,9376.4,331.58,53.62,1.6537,71.64,26.58,247.48,0
2,8395.4,296.56,54.7,1.5811,66.56,27.16,242.1,0
3,7248.2,293.0,52.14,1.4879,76.08,27.61,241.95,0
6,9925.2,349.57,56.32,1.7953,74.18,27.33,268.7,3
4,11114.2,358.87,57.6,1.912,79.05,29.17,280.48,2
2,9232.4,302.51,53.3,1.7075,76.26,28.55,252.95,1
1,8170.5,307.37,52.04,1.6033,75.01,27.76,247.95,0
3,7461.8,305.74,48.23,1.7512,74.51,26.6,240.11,1
6,9293.9,313.1,53.07,1.6158,75.67,26.53,256.5,0
3,8259.1,353.29,51.31,1.534,70.36,29.61,224.29,0
5,8739.6,320.34,50.74,1.7133,76.37,26.32,240.16,0
2,9677.0,325.33,55.24,1.6986,78.54,27.56,259.24,0
5,9245.9,343.14,55.34,1.5906,69.54,27.83,236.76,2
5,8242.9,304.1,52.51,1.7489,77.26,27.09,242.4,0
4,10186.9,350.19,54.56,1.7534,69.44,26.32,252.27,3
5,8585.9,284.43,51.38,1.6935,76.08,26.56,247.26,0
4,10374.4,325.95,55.36,1.7943,75.41,26.82,264.06,0
3,7580.7,322.27,50.0,1.5227,73.99,26.64,231.13,0
5,9758.8,355.61,55.64,1.7674,78.9,28.88,256.56,2
6,9255.3,307.89,51.88,1.6749,74.55,27.41,241.23,0
6,9673.3,310.39,55.87,1.8322,77.16,26.84,264.73,1
2,9197.3,331.38,53.37,1.7301,74.96,27.53,251.44,0
5,8799.5,305.58,54.5,1.6322,76.07,28.15,241.56,2
1,8235.3,305.75,53.95,1.763,79.9,27.03,253.37,1
4,10065.7,346.5,56.56,1.6307,72.97,28.4,252.08,2
4,10434.1,324.98,56.9,1.6974,66.82,26.01,257.15,0
3,7763.6,270.02,49.17,1.4425,68.99,28.69,218.03,0
6,9704.8,303.33,54.24,1.6575,73.83,27.39,256.57,0
6,9782.5,327.79,56.9,1.9108,75.09,27.35,269.22,0
1,8652.0,281.63,53.84,1.5164,69.47,26.63,234.26,0
2,9299.8,316.95,56.78,1.7071,78.0,26.04,267.84,2
2,9022.8,294.19,55.9,1.7018,69.08,25.56,246.79,2
6,9225.0,350.99,54.39,1.6983,77.44,26.55,252.32,2
4,10208.0,371.26,55.7,1.8373,80.75,28.03,263.14,3
5,8729.7,296.98,51.49,1.7564,74.32,26.33,241.34,0
5,8880.8,322.31,52.23,1.7289,75.98,25.68,254.28,0
5,8646.9,297.83,52.26,1.6369,76.32,26.38,253.34,0
1,7900.6,301.34,51.01,1.571,71.81,26.96,225.83,0
1,7819.8,338.48,50.38,1.6062,71.4,27.0,218.64,0
3,7071.6,289.39,51.39,1.5873,71.19,27.23,235.87,1
3,7524.8,297.62,54.73,1.6143,72.77,28.51,243.79,0
5,8329.7,294.66,54.89,1.704,75.36,28.74,244.3,0
1,7879.8,327.31,52.51,1.5752,66.54,29.57,206.87,0
3,7474.0,243.47,52.32,1.5364,68.38,25.58,220.59,2
2,8572.5,306.33,53.37,1.5732,69.57,26.42,232.28,0
2,9121.5,319.51,54.34,1.7765,76.65,28.13,250.59,1
2,9236.9,309.71,53.89,1.748,77.16,26.86,261.15,1
2,8824.2,332.61,53.69,1.5149,73.58,28.3,234.95,0
4,10260.2,354.5,57.04,1.7345,75.7,27.58,265.17,2
3,7772.0,280.08,52.88,1.568,72.75,29.09,252.22,0
3,7371.5,338.77,50.6,1.5303,71.19,28.49,226.81,1
3,7349.5,275.23,50.49,1.6643,74.54,28.51,235.53,1
5,9182.9,344.21,54.48,2.0113,81.64,26.89,275.04,1
6,9882.9,331.41,55.94,1.6222,80.1,27.23,267.34,0
4,10592.5,327.45,55.79,1.8504,78.86,27.0,275.14,2
4,10696.2,330.29,54.09,1.8717,84.58,25.68,269.87,3
5,8167.3,309.24,55.23,1.6399,73.25,28.95,245.21,1
5,9233.2,325.32,56.26,1.7591,73.52,28.15,254.07,3
1,8325.5,295.02,49.46,1.5793,70.04,26.95,223.68,0
6,9923.5,324.95,58.1,1.7509,74.2,28.76,277.85,3
1,8323.9,297.69,52.17,1.6216,72.39,26.63,241.74,0
3,7615.7,281.9,51.11,1.6122,72.02,25.3,232.02,0
4,10311.9,318.72,58.26,1.8165,72.41,28.42,275.39,2
3,7717.5,284.19,53.87,1.5939,69.21,25.91,236.43,2
2,8900.2,310.34,55.22,1.6584,74.72,27.09,241.72,0
6,9877.7,336.44,55.75,2.0059,79.02,27.53,287.45,1
1,7692.3,306.79,49.75,1.5792,71.27,27.73,225.73,0
2,8826.7,352.63,50.74,1.7177,75.95,28.23,229.65,1
6,10254.3,293.01,57.55,1.7306,72.11,27.94,250.67,2
5,8599.7,323.04,55.62,1.6689,70.65,27.9,254.58,1
1,8123.6,309.48,50.79,1.6059,72.14,26.42,222.39,0
5,8517.6,328.38,52.79,1.5205,75.47,27.61,248.98,0
6,9707.5,339.68,53.41,1.6914,77.36,25.63,254.8,3
1,7964.4,304.64,51.99,1.5136,68.98,29.0,231.58,0
3,7540.6,306.05,52.59,1.5214,70.21,25.74,228.15,0
3,7871.6,293.19,52.24,1.5557,76.47,26.9,243.71,0
1,7976.4,318.79,51.24,1.6121,74.16,25.82,238.87,0
2,9252.4,287.96,58.17,1.8452,73.52,26.47,267.39,2
2,9263.1,335.88,51.98,1.669,72.04,27.28,233.73,2
2,9337.6,322.3,55.02,1.6151,72.85,26.68,250.47,0
3,7645.0,295.33,50.53,1.4781,70.94,28.52,212.09,0
3,8637.2,310.82,53.12,1.6351,74.4,27.51,250.57,0
2,9337.5,319.85,54.41,1.6301,77.13,26.75,254.68,2
2,9104.0,343.5,55.3,1.7542,76.74,27.11,262.99,2
2,8719.7,374.12,53.54,1.7723,74.28,28.59,234.29,0
5,8768.9,338.42,53.31,1.6141,72.83,28.25,234.77,0
2,9456.4,313.84,53.6,1.7858,82.23,25.99,262.13,2
6,10147.1,342.95,53.63,1.7213,75.71,26.49,258.96,2
4,10873.1,351.72,58.07,1.7834,74.99,27.76,264.26,2
5,9051.3,302.91,54.53,1.659,68.52,27.62,258.08,0
4,9998.2,307.29,55.64,1.7124,75.01,26.07,256.83,2
2,9155.9,319.58,54.32,1.6741,78.01,28.05,249.29,0
4,10002.8,344.57,54.72,1.6341,75.38,26.24,252.02,2
2,8524.0,284.75,55.55,1.7178,77.47,28.65,252.88,1
1,8276.5,298.07,54.55,1.7225,72.3,27.8,240.49,1
2,9167.4,331.15,55.84,1.8137,78.96,25.97,273.96,1
2,9289.1,322.93,54.64,1.8069,72.62,26.63,257.85,0
1,8359.1,337.44,54.71,1.5871,71.15,26.6,244.87,0
1,8370.1,286.67,52.22,1.6869,72.49,27.38,249.12,0
6,9284.9,364.47,53.86,1.6537,78.07,26.97,257.31,2
4,10366.4,306.35,57.39,1.8645,76.35,25.93,265.73,2
3,7117.7,261.77,51.51,1.6537,69.79,25.66,235.54,1
6,8958.9,317.49,53.54,1.7387,76.34,27.79,246.17,3
2,9237.0,301.19,52.65,1.7676,69.6,27.5,239.71,0
3,7359.0,300.25,50.91,1.4859,69.3,27.3,221.87,0
6,9879.2,327.34,54.25,1.7291,74.8,27.47,253.75,2
4,10754.7,334.78,59.09,1.7862,77.03,26.49,264.77,2
3,7401.8,286.26,52.55,1.5739,71.51,27.37,227.26,1
2,9188.9,328.87,54.06,1.7116,73.45,29.96,249.84,1
1,7988.4,302.16,51.06,1.5253,65.02,28.45,215.18,0
1,7609.3,323.57,50.2,1.514,70.88,26.84,231.73,0
1,8239.5,307.39,51.45,1.5386,68.91,26.58,235.46,0
5,8649.3,297.78,51.65,1.6773,74.78,24.0,235.64,1
4,10259.2,302.47,58.09,1.8296,79.36,28.32,277.97,2
3,8232.1,307.46,51.39,1.4531,65.12,28.01,227.91,0
5,8311.7,288.58,56.11,1.4931,69.48,26.54,238.13,0
1,8322.5,287.25,50.54,1.5651,73.3,25.56,229.85,0
2,8681.7,324.99,50.5,1.4851,69.19,25.86,229.27,0
3,7890.6,274.8,54.92,1.5762,73.48,27.62,242.36,1
6,9695.5,352.07,56.98,1.7809,80.49,27.02,281.02,2
4,10521.4,338.61,56.25,1.8077,77.7,27.88,265.45,2
6,9297.6,321.48,54.91,1.6477,72.54,27.21,245.54,2
2,8755.0,297.68,54.49,1.7662,65.46,28.17,245.77,0
6,9896.7,342.62,55.61,1.7066,79.83,27.51,265.81,2
1,8766.7,316.38,51.72,1.8029,80.71,28.01,258.04,1
2,9153.7,308.34,49.09,1.6885,80.58,24.8,234.15,1
4,10112.8,334.84,53.64,1.711,76.62,25.74,253.16,2
1,8308.5,281.1,55.41,1.6595,68.17,26.69,247.55,2
6,10376.8,304.71,59.45,1.832,79.78,28.27,277.59,2
6,9632.8,305.8,55.24,1.6792,74.97,29.15,259.73,2
4,10867.8,345.84,55.15,1.9861,80.82,26.9,280.6,2
2,8763.1,316.34,53.55,1.5144,74.92,26.4,240.42,0
1,8186.5,328.93,52.27,1.6046,73.38,24.92,247.3,1
4,10598.3,320.02,57.68,1.886,81.35,28.02,280.15,2
4,10527.1,346.14,51.91,1.9174,82.11,26.46,266.58,3
5,8554.8,312.05,59.47,1.6732,71.55,30.31,258.76,2
4,10141.0,314.58,57.06,1.9711,73.59,26.24,271.99,0
1,8516.3,320.61,53.64,1.6338,65.01,29.36,236.62,0
1,8581.3,313.21,52.28,1.4541,72.24,27.87,221.79,0
5,9283.9,310.8,55.32,1.5792,71.1,25.91,250.41,0
1,8777.3,317.31,54.3,1.7098,75.38,27.29,253.03,0
6,9643.1,323.74,55.29,1.6536,74.82,27.88,257.65,2
1,8100.4,306.34,52.94,1.6494,71.43,26.78,254.6,0
5,9232.3,314.13,54.33,1.7004,77.57,27.94,253.18,2
6,9828.2,304.62,56.09,1.6887,77.13,27.92,253.69,2
3,7285.6,301.49,52.44,1.4777,69.95,27.67,227.91,0
1,7869.2,292.11,52.48,1.7075,77.02,26.99,250.33,0
6,9757.4,308.97,54.88,1.6204,78.27,25.71,262.56,0
2,8943.3,314.04,55.84,1.7716,72.79,26.92,252.51,0
4,10391.5,347.52,53.49,1.856,76.99,27.19,256.75,3
6,9943.2,332.72,53.1,1.7483,79.54,24.93,249.56,0
5,9042.9,309.91,53.92,1.5917,74.98,27.17,237.74,0
1,8625.6,304.6,51.92,1.6457,69.44,26.88,231.6,0
5,8181.9,321.45,51.19,1.5973,75.87,25.55,238.27,1
1,8281.1,267.95,54.48,1.5597,75.7,26.61,259.77,0
5,9022.3,333.6,53.38,1.87,78.97,26.63,251.5,0
4,9911.5,295.29,53.15,1.7185,80.92,29.09,262.59,0
2,8790.4,291.22,52.81,1.6106,80.23,27.2,246.94,0
3,7331.0,291.38,51.62,1.6205,76.02,28.09,241.01,0
1,8206.9,349.34,52.46,1.6347,74.87,26.82,238.91,3
6,10120.9,361.52,55.53,1.9001,77.39,24.88,276.47,2
2,9647.2,338.84,55.82,1.6744,70.2,27.68,256.27,2
2,8739.4,322.55,52.77,1.6336,74.07,26.21,242.48,0
4,10568.5,302.73,54.16,1.8353,79.04,26.56,275.93,0
5,8978.8,321.59,52.48,1.69,74.65,25.77,251.08,0
4,10524.0,325.88,55.18,1.7668,71.46,27.0,264.31,0
4,10527.7,321.1,56.18,1.83,76.77,28.09,268.38,2
4,10497.2,338.26,57.64,1.8697,80.39,27.94,286.08,0
6,10140.0,323.06,56.9,1.7376,73.5,28.65,256.29,0
3,7952.8,323.13,54.14,1.6909,72.96,28.8,240.38,1
5,8460.8,278.22,51.27,1.6001,73.58,24.65,250.72,2
5,9054.6,320.95,55.64,1.8087,78.44,25.58,258.57,1
6,9885.6,312.92,55.35,1.9216,81.97,24.9,273.58,1
6,9700.8,319.34,55.28,1.6899,74.67,27.58,243.1,2
5,9162.1,326.27,54.59,1.8966,75.65,26.11,256.81,3
2,9060.2,299.55,52.48,1.6263,74.74,26.33,237.34,0
5,8864.1,320.46,49.99,1.6057,76.44,26.63,234.24,0
5,8838.8,313.4,52.63,1.721,75.79,27.28,251.16,3
2,8354.2,300.01,53.16,1.7108,77.39,25.22,255.1,2
5,8774.3,308.05,52.86,1.5929,65.74,25.47,222.91,0
2,8786.2,313.87,53.12,1.74,75.29,26.85,245.32,1
4,10020.3,316.4,54.5,1.7988,78.19,28.16,270.67,0
5,9258.9,321.98,50.94,1.8233,74.3,26.81,258.73,0
2,9161.3,315.77,55.84,1.6465,67.01,25.96,250.88,2
3,7590.5,292.49,50.09,1.4799,70.51,24.46,211.39,0
5,8619.3,343.43,52.81,1.5955,71.99,27.87,246.12,2
3,7694.8,312.12,50.16,1.6469,77.23,26.01,251.5,1
6,9917.3,322.2,56.61,1.8306,77.77,25.55,259.1,0
1,7935.4,309.91,52.57,1.5918,69.26,24.92,239.14,0
5,8798.5,298.3,51.12,1.5123,66.45,25.22,224.05,0
5,9077.8,311.99,55.2,1.8092,76.43,25.74,259.29,0
6,8980.5,313.02,53.28,1.8473,76.62,26.53,258.38,1
1,8181.6,287.56,50.8,1.5876,71.07,25.45,233.38,0
6,9462.6,331.06,54.0,1.8803,77.86,26.98,271.43,1
3,7557.2,294.03,49.97,1.5968,69.51,26.5,232.3,1
3,7439.5,295.44,50.06,1.736,74.11,29.21,227.9,1
3,7644.0,293.85,51.93,1.6366,74.24,24.89,234.82,1
4,11015.6,394.43,56.58,1.835,75.39,26.94,269.62,3
4,10296.3,321.33,56.78,1.8291,72.52,26.94,273.76,3
3,7693.3,267.39,51.53,1.5927,77.08,25.61,222.78,0
1,8838.3,288.42,54.29,1.7347,76.38,26.85,251.26,1
6,9424.0,337.33,51.39,1.7563,71.62,27.58,232.46,3
2,9580.7,349.44,53.21,1.7423,71.26,26.84,237.59,3
1,8201.7,297.95,53.9,1.6346,72.87,28.25,249.83,1
4,10970.2,363.69,53.73,1.8124,76.06,24.32,257.4,0
3,7840.1,319.59,51.97,1.6378,70.98,25.79,219.59,0
4,10498.3,332.07,54.47,1.8536,77.85,28.33,265.25,3
6,9579.0,320.68,54.99,1.7949,75.43,27.71,273.03,0
1,8000.3,311.26,54.84,1.6916,75.97,27.29,240.87,1
2,9024.3,335.06,55.46,1.7088,81.24,28.05,268.55,3
4,10687.2,344.71,52.46,1.73,77.16,24.58,265.24,2
5,8795.8,304.57,55.0,1.6837,69.76,27.56,244.86,0
4,10298.7,330.15,59.09,1.9121,78.85,27.85,295.86,2
3,7519.7,338.38,55.4,1.7159,77.49,25.94,252.19,1
4,10717.6,342.42,58.32,1.7975,77.41,29.56,284.41,2
6,9992.1,345.56,53.09,1.7705,80.24,26.87,269.42,2
3,7386.5,310.97,50.69,1.4297,67.99,24.24,217.13,0
6,9386.1,328.17,56.94,1.6483,75.63,27.07,249.63,0
5,8921.4,320.09,52.83,1.643,70.39,25.85,232.16,0
2,9488.8,340.53,56.58,1.8605,76.18,27.92,252.76,0
2,9366.7,335.97,53.08,1.7142,75.35,27.23,254.48,0
5,8399.4,317.14,52.94,1.8007,75.22,25.97,254.64,1
2,8915.5,305.58,50.15,1.6827,79.94,28.27,248.03,0
3,7302.2,307.26,49.77,1.5173,69.23,27.64,219.57,1
2,8914.4,316.85,53.05,1.5374,67.43,25.7,239.27,0
4,10913.4,334.5,55.98,1.8136,78.27,26.43,272.38,2
2,8544.8,362.21,51.0,1.5595,75.83,27.16,234.07,0
4,9882.0,301.0,54.01,1.6361,76.47,26.19,253.65,0
6,9334.9,339.94,54.47,1.6318,75.27,26.21,264.17,2
5,8891.9,302.28,53.27,1.7241,78.8,26.62,259.71,1
6,9798.6,330.15,54.44,1.7018,76.94,25.4,254.61,0
1,8340.0,357.97,52.64,1.6017,73.9,24.11,240.16,0
3,7976.2,290.42,51.48,1.593,68.82,26.82,231.69,1
2,8435.8,299.76,53.91,1.476,66.77,24.36,225.52,0
6,9980.3,329.47,53.08,1.7662,77.96,25.45,254.6,0
5,8700.1,300.45,55.33,1.7518,74.12,24.59,255.13,1
2,9234.1,337.49,54.94,1.7593,71.91,24.72,262.1,0
4,9976.5,320.12,54.73,1.8026,76.4,27.0,266.81,2
4,10401.6,346.19,55.22,1.7979,77.74,26.28,263.08,0
3,7675.6,280.51,51.63,1.4989,68.41,26.23,229.57,0
3,7969.8,275.15,52.24,1.5593,68.29,25.06,228.54,0
1,7692.7,300.5,52.89,1.7225,72.55,25.78,244.97,0
3,7609.8,275.48,49.33,1.5476,69.48,26.91,223.2,0
3,7252.7,327.11,51.41,1.5207,69.03,26.43,210.57,1
5,8961.8,291.04,50.46,1.6572,70.62,27.39,213.64,2
6,9848.7,309.66,55.04,1.7568,75.53,27.54,260.57,0
5,9211.9,328.78,56.07,1.7767,78.35,26.2,260.18,1
1,8028.8,297.76,48.84,1.5511,72.5,24.43,215.21,0
6,9896.7,301.53,52.04,1.6866,75.02,25.63,241.95,0
3,8035.5,345.11,52.28,1.6988,74.28,26.35,249.42,1
3,7074.2,279.79,52.29,1.4282,73.89,25.59,231.89,0
6,9796.0,324.22,54.81,1.8063,77.97,25.28,269.02,2
6,9906.7,325.21,51.94,1.7036,77.45,26.51,254.3,0
1,8117.2,322.07,50.52,1.4713,74.88,29.1,224.46,0
3,7212.6,307.66,50.57,1.4519,69.84,25.89,225.39,0
5,9101.7,305.24,51.77,1.6727,74.9,26.41,247.96,0
4,10016.2,324.31,54.73,1.7614,75.1,24.97,257.35,0
2,8942.9,314.29,54.29,1.6961,68.94,27.77,243.13,0
4,10387.2,347.74,55.33,1.8784,79.41,27.36,276.97,3
6,9829.0,307.09,58.09,1.6834,77.03,27.28,262.31,2
2,8799.5,353.12,54.73,1.7144,74.09,27.88,259.21,0
5,8580.9,300.72,54.55,1.751,76.56,25.91,260.02,0
5,8831.7,316.99,54.54,1.679,71.6,26.04,246.51,2
6,9922.0,308.26,55.5,1.749,70.06,28.25,262.04,2
2,9732.0,303.68,54.62,1.5763,73.18,27.06,238.3,2
2,8517.6,297.95,51.19,1.4995,67.59,23.91,220.36,0
4,10500.9,318.04,57.17,1.9398,78.74,26.85,274.5,2
4,10052.3,323.12,53.84,1.7168,74.25,25.7,254.92,0
3,7926.0,289.56,54.92,1.8183,74.68,27.32,263.65,1
5,8499.7,326.02,51.65,1.5678,76.91,26.78,234.84,2
5,8584.1,300.33,52.33,1.7279,69.89,24.41,260.85,0
2,8811.4,300.84,52.91,1.5903,70.78,26.61,232.74,3
5,8775.6,309.46,52.47,1.7379,75.53,26.54,251.29,1
2,9103.4,338.01,57.26,1.7476,78.59,26.7,268.16,2
3,7754.8,309.17,51.01,1.5175,64.72,26.93,218.06,0
1,8198.2,308.39,52.36,1.6697,73.43,27.93,236.36,1
3,7174.4,273.12,49.65,1.3929,61.79,26.74,210.39,0
6,9832.9,307.59,54.84,1.7963,74.01,26.3,252.31,2
3,7583.1,280.4,51.53,1.5722,74.05,27.53,223.43,0
5,9171.8,344.41,52.95,1.8056,85.83,28.73,261.92,0
1,7973.5,317.26,51.53,1.3885,71.45,27.26,233.5,0
4,9887.3,313.25,55.91,1.706,71.92,26.47,262.34,0
3,7589.1,293.32,53.01,1.6568,68.99,26.72,221.79,0
5,9214.7,306.51,53.92,1.7554,74.77,26.52,258.71,2
6,9651.5,310.22,54.56,1.7843,73.3,26.25,242.24,3
4,10336.1,341.98,55.97,1.7842,74.82,28.6,262.68,2
1,7921.5,301.96,50.53,1.6881,70.24,25.39,224.32,0
3,8162.5,347.25,51.13,1.645,74.9,27.48,245.16,0
1,7870.5,329.08,49.05,1.5086,71.82,26.06,226.87,0
3,7367.9,324.62,48.98,1.5642,68.21,24.56,225.36,0
1,8382.4,324.29,53.77,1.6967,71.05,25.98,241.39,0
4,9806.1,320.26,53.75,1.7773,74.79,25.58,253.9,0
2,9407.9,334.25,53.76,1.6587,72.39,26.81,236.1,1
2,9199.7,314.92,53.17,1.6933,72.36,26.27,238.48,0
1,8487.8,342.71,54.09,1.7888,76.29,25.03,262.17,1
6,9778.6,334.84,53.82,1.7746,75.8,27.77,259.05,0
6,9548.4,329.76,55.21,1.5786,69.98,27.34,243.99,2
5,8459.8,315.35,53.14,1.6292,76.71,27.88,255.58,0
1,8155.2,341.03,52.24,1.5834,74.77,26.39,231.09,0
3,7287.9,274.36,51.01,1.4308,64.83,26.09,217.97,0
6,9755.6,360.4,54.99,1.5946,76.06,26.89,245.19,2
4,10658.2,333.89,57.02,1.9571,75.71,25.48,284.63,3
1,8672.6,290.09,52.85,1.6039,75.22,26.25,247.32,2
1,8319.0,297.97,54.98,1.5783,71.15,25.9,248.08,0
2,9295.9,292.54,53.23,1.5473,74.05,24.48,237.46,0
6,9504.9,336.32,51.5,1.7614,75.41,26.22,262.88,0
2,8847.0,298.63,53.92,1.6213,68.5,25.59,250.8,0
6,9751.6,330.3,55.07,1.7742,81.17,25.8,270.87,0
5,8676.3,335.86,53.05,1.6619,76.55,26.46,256.34,3
6,9686.1,314.45,54.61,1.7635,73.23,27.45,252.44,2
5,8460.4,308.24,48.7,1.5635,73.67,25.11,220.45,0
2,8717.9,292.44,49.62,1.4979,76.39,25.67,237.96,0
5,9003.3,312.05,55.62,1.6121,74.46,25.19,245.44,0
2,9283.7,368.45,52.46,1.6549,81.84,25.11,264.51,0
2,8684.6,329.53,54.09,1.7857,84.04,25.36,274.67,1
2,9214.6,316.6,51.01,1.7379,74.42,25.8,245.91,0
1,8029.5,297.31,50.36,1.6715,69.8,26.65,231.79,1
1,8205.3,309.49,53.28,1.4735,69.15,26.35,235.92,0
2,9453.4,326.33,53.39,1.6942,68.12,24.83,241.82,0
1,8458.4,305.5,53.9,1.6428,77.17,27.41,248.1,1
3,7854.7,315.94,51.89,1.7982,70.77,27.01,231.03,1
1,8810.8,299.76,52.26,1.785,76.47,24.98,258.03,1
1,7974.8,290.47,51.14,1.7441,75.12,27.31,245.8,1
6,9284.5,328.79,52.0,1.7173,71.69,26.31,260.1,0
1,7968.9,286.62,53.82,1.6103,68.17,25.77,234.09,0
1,8118.6,322.43,54.56,1.6632,78.65,26.33,256.86,0
1,7446.5,301.65,49.13,1.4811,70.45,25.9,221.49,0
1,8133.6,276.57,50.39,1.5007,69.13,26.52,227.05,0
4,10225.7,334.45,54.78,1.8001,73.95,26.12,252.28,0
5,9050.8,289.23,53.75,1.7962,73.2,25.54,251.46,0
5,8912.8,330.52,51.91,1.6859,79.76,23.67,257.3,0
4,10207.8,327.81,56.25,1.7669,79.6,26.48,267.65,2
1,8388.8,345.6,52.04,1.5302,74.6,25.48,242.17,0
5,9031.4,338.63,53.5,1.7612,80.53,26.74,261.31,2
1,7954.1,288.4,55.68,1.7666,76.1,26.4,260.8,1
4,10242.2,296.29,54.25,1.8776,77.53,25.48,273.13,2
3,6887.9,282.17,52.98,1.7177,78.37,26.98,248.29,1
6,9251.0,299.78,56.07,1.7489,73.58,26.08,248.12,2
2,8762.4,349.25,53.76,1.7219,78.61,26.02,254.64,0
4,10423.7,334.48,52.38,1.8573,76.59,25.68,253.31,0
3,7297.5,317.07,51.35,1.4918,73.91,27.68,216.46,0
4,10235.7,327.46,54.07,1.7366,76.47,25.04,257.06,0
6,9207.9,318.05,53.46,1.8416,76.45,25.46,259.47,0
5,8854.8,316.82,50.73,1.639,82.23,24.45,257.1,0
3,7736.2,325.02,52.76,1.6212,75.23,26.6,234.9,1
3,7728.8,310.63,52.51,1.6491,73.17,25.15,240.26,1
5,8804.0,297.81,54.57,1.6603,70.79,25.27,251.87,0
3,7106.9,327.38,49.35,1.6069,71.39,25.21,222.1,0
2,8801.6,311.55,51.24,1.7282,70.4,25.84,241.21,0
3,7469.7,293.97,50.76,1.6092,73.52,24.39,243.8,1
1,8070.9,257.85,53.5,1.7375,73.61,23.29,235.31,0
2,9024.0,330.68,53.57,1.616,74.26,26.25,247.34,0
3,8056.2,310.44,51.45,1.6374,77.89,23.41,251.66,0
5,9059.9,321.46,53.32,1.9164,79.85,26.67,263.35,1
5,8484.0,306.07,52.29,1.7844,73.51,27.44,255.79,0
2,9217.1,311.03,54.53,1.6312,76.61,25.53,256.87,0
3,7804.9,299.2,51.72,1.5607,69.37,27.14,239.92,0
1,7942.1,315.7,52.14,1.6002,71.22,25.67,238.01,0
5,9071.6,331.29,54.86,1.7063,71.32,27.45,260.64,1
2,8948.7,314.28,53.45,1.7609,72.59,25.18,250.51,0
5,8348.8,328.92,51.94,1.7621,73.05,23.08,235.06,0
6,9745.7,325.78,52.97,1.6828,70.59,25.58,238.63,0
5,8869.4,308.49,52.3,1.7629,75.84,27.54,256.8,1
2,8927.1,321.77,53.24,1.7592,77.88,26.24,262.22,2
6,9588.0,301.0,53.84,1.7222,75.14,25.08,251.16,2
5,8569.9,318.46,51.8,1.426,64.38,26.0,228.89,0
4,10595.2,308.79,56.55,1.8922,76.65,26.7,269.96,1
6,9586.1,306.95,55.51,1.7457,70.6,25.53,255.1,0
6,9653.3,289.85,57.32,1.7737,72.89,28.5,264.89,3
1,8314.3,308.31,54.08,1.6147,77.65,25.04,241.81,0
6,9230.5,350.51,51.88,1.7628,67.62,26.7,236.87,3
5,8513.8,311.54,50.86,1.6077,70.45,26.43,246.72,0
2,8292.8,322.81,51.23,1.5544,75.92,24.81,231.66,0
2,9180.7,363.33,53.36,1.5889,73.79,25.11,247.56,0
5,8412.1,319.81,52.29,1.6594,70.61,26.69,229.64,1
2,9042.4,305.69,52.39,1.7892,81.07,25.72,253.59,1
3,7718.7,293.61,50.75,1.5392,72.3,25.93,220.01,0
5,8992.8,318.93,53.13,1.745,77.63,23.75,260.75,0
4,10014.7,318.77,52.92,1.8131,78.28,26.26,254.31,0
6,9579.1,315.33,57.93,1.7879,76.13,25.85,277.38,2
1,8734.5,333.81,52.7,1.65,78.65,25.45,247.06,3
2,9548.6,343.51,55.84,1.8868,82.84,25.91,277.81,2
6,9915.9,299.43,53.46,1.7516,70.08,25.06,249.17,0
4,10508.0,320.86,56.17,1.8585,77.57,24.85,260.43,3
2,8678.4,307.11,52.64,1.5873,73.29,25.22,240.98,2
2,9230.0,332.31,54.63,1.6039,73.89,24.97,250.15,2
3,7549.4,323.62,51.47,1.6033,74.9,27.87,244.64,0
4,10579.4,385.01,58.53,1.9432,80.64,26.47,279.9,3
2,8797.5,308.39,49.93,1.7681,80.27,24.39,245.42,1
4,10344.7,326.31,57.7,1.9026,81.25,27.69,286.7,2
3,7652.5,314.77,50.92,1.5743,76.15,24.97,245.87,1
4,10478.8,322.99,53.83,1.6921,73.62,25.47,247.67,0
1,8358.0,309.4,55.59,1.6363,70.09,26.41,236.44,1
4,10214.7,324.89,57.07,1.7851,74.74,23.25,263.66,0
6,9170.1,273.68,49.92,1.7696,77.97,25.15,241.51,0
1,8719.9,318.14,52.64,1.5908,70.57,24.77,238.42,0
2,9796.6,324.48,55.56,1.7044,73.12,25.62,247.71,2
5,8943.2,341.26,53.85,1.8108,71.21,25.79,255.95,0
4,9976.3,329.84,57.01,1.9954,86.21,25.29,292.15,2
5,8552.6,291.49,54.37,1.5869,72.22,25.23,249.08,0
4,10562.9,331.55,56.47,1.9537,79.93,26.53,263.6,2
5,9229.2,283.88,57.2,1.6122,70.02,25.69,238.46,2
4,10011.9,308.33,56.18,1.7778,79.54,25.39,277.95,2
1,8160.2,321.2,51.2,1.5249,66.74,25.5,217.75,0
5,8862.7,313.04,52.78,1.6304,70.67,27.35,228.79,0
3,7876.7,323.25,53.31,1.6327,69.75,25.51,235.08,0
1,8090.0,273.59,50.07,1.5889,71.94,24.75,231.35,0
3,7099.6,293.73,48.45,1.5165,67.02,23.21,212.36,0
3,7798.8,297.23,50.06,1.5784,76.48,23.72,238.5,0
1,8559.9,331.36,52.67,1.6941,75.63,24.78,249.55,1
6,9573.6,337.42,53.58,1.7145,73.88,25.16,252.05,0
2,9129.7,331.99,50.86,1.596,78.52,24.66,252.83,0
2,8848.2,345.08,54.79,1.7207,73.6,25.65,251.82,2
3,7329.4,294.0,49.43,1.5102,68.2,24.63,217.45,1
5,9128.5,344.44,56.02,1.7035,78.55,24.24,267.91,0
5,8924.0,299.37,53.65,1.5681,65.38,25.91,233.95,0
5,8956.9,299.07,55.59,1.6932,76.28,26.74,251.42,2
2,9480.7,337.84,54.26,1.6909,73.62,24.01,249.97,0
6,9262.5,294.8,55.63,1.8296,71.87,25.48,259.92,2
5,8623.4,325.17,52.42,1.8681,80.52,23.11,257.47,1
3,7650.5,305.98,50.52,1.3373,69.44,23.58,212.09,0
4,10219.4,351.71,56.41,1.8753,81.26,24.54,268.17,1
1,8450.6,311.89,56.6,1.7611,74.05,26.43,239.9,0
5,8740.0,317.15,51.77,1.6443,75.17,24.32,240.19,1
6,9282.4,331.27,54.32,1.7788,74.58,24.27,256.18,0
3,7621.0,291.9,50.77,1.6699,69.73,25.2,223.51,0
4,10454.5,322.29,56.12,1.7581,82.82,25.19,283.33,0
3,7899.1,315.43,50.9,1.6211,75.21,24.28,230.9,0
1,8325.8,311.06,49.34,1.7234,71.12,27.32,238.72,0
4,10547.6,328.69,54.99,1.6833,74.45,24.83,258.5,0
5,8902.5,316.44,54.44,1.6618,72.2,25.24,260.7,0
6,9539.8,353.64,52.4,1.7165,79.98,24.67,259.63,1
6,9370.8,315.1,55.21,1.8441,79.14,25.58,258.14,2
3,7692.4,296.12,51.71,1.6783,72.92,26.45,245.18,1
6,9493.4,293.69,54.19,1.681,69.25,26.91,254.5,2
4,10940.7,339.59,57.13,1.8879,81.73,24.24,270.56,2
4,10829.5,350.95,57.45,1.7729,83.7,26.28,285.17,2
4,10602.5,351.68,56.42,1.9467,79.41,25.66,283.8,3
6,9721.1,328.88,56.15,1.8015,83.01,26.12,273.62,2
5,8771.9,333.7,52.84,1.615,69.94,24.94,220.8,1
1,7796.4,318.92,48.27,1.6413,74.27,24.83,228.47,0
1,8130.8,329.47,51.35,1.5892,69.49,26.05,225.73,0
3,7632.4,321.67,48.27,1.6452,75.28,26.07,241.66,1
4,10473.4,363.47,57.04,1.9004,80.98,26.73,279.63,3
5,8950.3,315.4,54.35,1.7622,80.38,25.22,260.02,1
3,7894.8,282.96,52.59,1.6301,72.77,24.87,235.05,0
4,10178.5,343.91,54.42,1.6852,76.32,22.28,258.39,0
6,9381.4,337.25,54.3,1.6986,74.15,23.2,251.95,0
3,8064.3,336.97,48.68,1.6481,72.19,24.53,224.0,0
3,7846.7,329.38,50.36,1.4929,70.62,23.75,225.74,0
4,10275.0,368.04,53.03,1.7683,83.2,25.85,262.68,2
3,7565.7,314.38,49.4,1.5166,75.66,23.5,212.69,1
6,9567.1,329.36,56.13,1.7203,70.88,24.38,257.56,0
6,9610.1,300.78,55.38,1.8487,75.34,24.42,266.77,0
4,10551.3,341.61,56.96,1.8774,78.62,26.24,276.99,2
3,8411.2,302.58,51.35,1.4301,70.08,24.24,221.43,0
4,10460.7,338.88,53.81,1.8553,79.62,25.4,266.62,3
2,9212.0,322.31,53.58,1.7143,79.98,25.11,263.89,0
3,7060.3,306.15,51.94,1.6005,73.04,25.88,230.47,1
2,8844.8,315.54,53.65,1.7068,78.62,25.81,261.22,1
1,8593.2,331.36,49.64,1.5322,71.54,24.83,217.22,0
1,8328.7,262.6,51.15,1.5948,71.49,22.99,233.71,0
4,8995.5,322.37,49.66,1.587,71.96,24.59,230.77,0
1,8415.7,334.22,53.18,1.6775,74.51,24.82,252.63,0
4,11013.8,374.81,55.07,1.7978,81.49,25.15,266.23,2
3,6961.3,309.75,47.27,1.4229,73.17,24.01,210.26,1
3,8086.2,339.28,53.2,1.7223,77.63,26.07,242.89,1
5,7913.0,310.08,51.98,1.698,74.26,24.82,238.63,1
4,10700.2,337.75,55.48,1.8437,75.68,23.78,267.59,2
5,8797.2,326.3,55.78,1.6081,69.67,24.28,232.46,0
5,8048.0,308.47,53.19,1.576,73.92,26.9,237.42,0
1,8342.8,297.69,51.03,1.604,77.55,25.5,245.71,0
2,9368.3,313.78,54.7,1.7882,75.0,25.92,256.97,3
4,10516.4,315.66,54.28,1.6858,72.36,23.61,251.21,0
6,9787.1,337.17,55.76,1.9,83.76,23.99,269.38,2
1,8068.3,308.96,51.43,1.6605,73.88,23.99,238.42,1
1,7604.4,297.16,51.25,1.659,71.47,24.93,234.15,1
6,9821.4,317.84,51.71,1.7641,72.19,24.53,244.17,3
6,10159.9,340.85,54.51,1.822,77.62,24.17,265.02,3
2,9361.5,337.02,53.1,1.6218,78.11,24.3,248.92,2
3,6963.9,276.25,47.51,1.5323,70.62,23.82,213.94,1
4,9915.2,305.89,53.8,1.7343,73.69,24.49,245.31,0
2,8729.3,333.2,53.54,1.642,74.13,25.9,252.08,2
2,8490.2,288.64,51.24,1.701,70.39,23.0,227.96,1
3,7614.1,313.61,48.44,1.5759,77.06,25.04,232.88,1
4,10525.9,364.89,55.4,1.8101,82.09,26.17,285.29,3
2,8542.3,343.11,51.18,1.7039,72.45,24.44,246.25,0
3,7848.7,319.62,50.97,1.5135,68.1,24.05,226.02,0
2,9192.4,333.87,53.61,1.6692,76.26,25.64,252.83,0
5,8624.6,355.4,51.03,1.5432,73.1,23.53,232.33,0
1,8144.8,267.57,50.64,1.5078,69.71,24.58,218.77,0
2,8376.1,303.78,51.36,1.5253,68.84,23.46,224.78,0
2,8893.7,333.1,53.24,1.6944,71.23,22.53,246.82,0
6,9602.4,319.55,54.06,1.6612,76.3,24.42,255.58,0
6,9654.0,348.51,55.46,1.6117,75.82,23.18,259.46,2
4,10521.2,335.03,56.96,1.9313,86.63,24.55,297.7,2
1,8278.2,313.43,54.47,1.6172,74.81,25.78,246.32,0
5,8715.4,310.93,55.3,1.6468,69.71,26.59,245.51,3
3,7691.6,295.2,53.16,1.6353,65.79,24.64,217.46,2
6,9920.7,319.28,52.8,1.7578,77.77,25.65,271.07,2
3,7569.4,308.14,51.63,1.6666,69.79,24.96,230.02,0
6,9701.6,312.78,55.59,1.7907,80.28,24.09,273.07,0
5,8740.4,333.3,53.63,1.7578,75.31,22.39,249.83,0
2,8793.0,328.48,51.88,1.5534,67.58,26.29,225.1,0
5,8967.3,338.43,53.2,1.6617,71.52,23.33,240.68,0
2,8822.3,296.72,53.16,1.5726,71.13,26.0,229.45,0
3,7723.6,274.37,53.84,1.5439,71.95,25.06,221.01,1
2,9009.0,319.02,50.02,1.5982,70.91,23.39,237.96,0
5,8702.7,367.91,51.11,1.5579,75.83,24.8,241.77,1
2,8895.0,340.64,50.59,1.6226,70.36,26.79,225.86,0
4,10237.4,322.63,55.58,1.7703,77.2,26.12,267.44,2
4,9873.3,336.25,57.44,1.8217,78.08,23.86,277.95,2
5,8922.5,331.24,52.13,1.616,79.64,23.64,244.96,2
6,9674.1,301.78,53.94,1.7914,76.2,24.52,260.74,0
1,8471.9,337.84,52.61,1.7472,71.15,24.22,249.09,1
6,9429.9,320.72,53.7,1.8754,80.5,25.71,257.39,1
1,8806.5,315.24,53.26,1.806,73.33,25.2,254.15,1
4,10278.5,333.49,54.53,1.8144,80.22,22.51,270.27,2
3,7320.0,321.12,48.8,1.4759,68.92,24.87,228.05,0
4,10082.0,317.31,54.13,1.8043,77.0,24.16,264.78,0
5,8245.1,279.97,52.62,1.5715,68.99,24.39,228.97,1
6,10090.4,336.81,55.97,1.6706,78.39,24.61,261.05,0
3,8038.7,271.64,53.71,1.6968,73.76,25.65,259.62,2
6,9792.2,322.29,54.87,1.7219,74.55,25.4,253.29,0
2,8713.3,337.21,52.38,1.5317,72.54,23.49,239.4,0
2,9579.6,335.8,54.71,1.7156,77.4,24.24,257.14,0
3,7487.4,321.12,49.03,1.4935,68.55,23.8,223.93,0
4,10313.9,344.62,52.91,1.7281,72.84,22.44,256.31,0
5,9259.9,365.25,52.76,1.7206,77.6,24.16,253.0,1
5,9010.9,308.53,51.42,1.7599,73.81,26.3,242.38,0
2,9704.4,333.91,53.58,1.6373,75.96,22.38,247.61,0
2,9079.6,311.99,54.38,1.7036,76.2,24.23,243.2,1
6,9473.0,341.42,52.18,1.6638,78.38,24.18,251.49,0
3,7404.2,300.34,50.85,1.6331,70.01,24.55,229.82,1
2,8409.0,343.44,50.18,1.5388,70.14,23.17,220.66,0
6,9510.8,315.06,51.1,1.6468,73.25,22.65,227.83,0
3,7966.3,332.96,53.57,1.7176,74.71,22.69,249.52,0
6,9791.6,338.38,52.84,1.8407,77.18,25.66,260.94,3
6,9606.5,325.09,51.03,1.7942,74.06,23.11,249.6,1
6,9281.6,331.86,53.12,1.5562,72.78,23.63,233.74,3
4,10472.6,339.9,56.31,1.877,80.29,26.49,278.67,2
5,9124.1,326.77,53.48,1.7092,74.21,23.36,248.11,0
6,9737.8,323.39,57.09,1.7957,78.71,24.53,276.75,2
2,9053.4,306.96,51.88,1.7005,77.21,25.32,242.59,0
1,7945.0,301.36,50.39,1.6622,70.66,25.26,238.9,0
2,9277.5,291.76,54.94,1.8202,77.46,22.67,272.9,2
4,9397.8,338.53,54.34,1.7986,76.36,23.34,259.89,3
4,10522.5,313.51,56.38,1.8422,78.41,24.45,274.8,3
1,9022.5,315.33,52.51,1.777,66.97,26.23,243.52,0
4,9917.3,340.76,55.44,1.7143,73.75,23.26,249.3,2
2,8922.8,333.26,53.45,1.5339,71.62,23.54,234.51,0
4,10397.5,302.43,55.25,1.7645,75.82,24.54,262.78,0
4,10252.0,331.12,53.86,1.7851,77.85,24.75,274.43,2
4,10731.6,346.32,55.76,1.9372,79.45,24.81,268.49,2
3,7751.2,306.2,52.75,1.5604,72.44,23.12,246.26,0
3,7648.7,328.33,48.34,1.5559,69.58,23.46,218.47,0
5,9055.1,304.81,51.4,1.5732,76.51,24.27,241.15,0
5,8805.4,279.98,51.76,1.7803,79.04,25.41,262.02,1
5,9817.6,342.58,53.03,1.736,75.69,23.75,265.96,0
3,7648.4,294.47,50.29,1.5107,68.64,23.98,223.97,0
3,7662.5,272.63,51.4,1.6981,67.94,22.87,238.41,0
2,8452.7,310.13,53.2,1.7259,73.34,26.04,240.53,0
4,10226.1,354.64,54.6,1.6957,76.33,24.15,253.88,2
1,8567.2,291.5,52.72,1.578,66.85,25.16,220.87,0
3,7172.7,340.95,50.55,1.6959,66.34,24.0,221.8,0
2,8309.6,296.32,48.71,1.7605,75.81,24.05,243.39,1
4,10410.3,336.08,55.74,1.9192,82.3,22.3,280.4,1
6,10038.6,308.48,51.8,1.6455,81.78,21.57,266.55,2
6,9613.6,326.5,53.3,1.8338,76.75,25.31,272.09,0
3,7492.4,300.01,50.62,1.4685,67.37,24.01,217.18,1
1,7605.3,276.85,50.19,1.6292,68.79,24.14,221.61,0
2,9144.7,371.46,52.87,1.6021,71.28,22.53,246.42,0
1,8411.6,303.61,51.3,1.6064,67.57,22.9,236.05,0
5,8229.8,301.63,51.23,1.5639,73.2,25.05,236.74,0
6,9963.1,347.04,57.22,1.7887,79.17,25.79,276.97,2
4,10645.0,369.75,55.9,1.9447,86.11,23.18,290.28,3
2,9362.3,343.26,53.79,1.6184,75.68,24.6,242.66,2
1,8386.7,290.63,52.63,1.7624,67.71,24.06,230.02,1
6,9809.2,331.75,52.52,1.652,76.14,23.71,248.31,2
2,9166.6,286.97,57.01,1.6366,72.9,25.87,253.19,0
1,8477.9,329.49,49.62,1.6422,72.02,23.33,233.59,0
2,8418.0,283.16,52.23,1.7302,73.34,25.18,243.12,1
2,8519.7,299.26,51.35,1.5619,68.74,24.23,217.0,0
4,10164.5,331.75,53.73,1.6938,77.74,23.78,243.06,0
6,9558.5,333.15,53.19,1.6749,78.28,25.3,258.86,2
2,9124.2,315.67,51.49,1.6381,79.46,24.1,244.51,0
5,8903.9,345.29,54.09,1.7257,76.11,23.67,252.51,1
1,8557.5,327.15,50.38,1.6512,77.33,25.28,238.53,0
1,8567.5,325.85,53.84,1.6801,72.26,25.13,239.06,1
1,7920.8,285.0,52.24,1.6076,70.15,25.07,227.05,1
6,9676.3,357.03,51.05,1.8186,81.61,19.46,266.11,0
4,10128.7,316.96,55.23,1.7064,72.12,24.21,251.5,2
5,8739.8,347.41,51.79,1.5892,73.41,23.95,241.9,0
1,8303.0,347.73,49.47,1.6493,77.7,23.67,244.8,1
1,7109.2,307.43,47.87,1.4824,69.43,24.37,216.24,0
6,10371.6,352.66,55.71,1.8217,77.39,23.98,272.77,2
1,8381.3,256.7,52.64,1.5556,70.4,24.43,233.5,0
1,8009.4,304.59,51.02,1.6395,72.36,23.38,243.62,1
4,11016.8,361.02,55.63,1.802,83.66,25.32,282.56,0
4,10288.8,349.82,54.45,1.7873,81.24,24.52,274.34,2
2,9042.4,297.51,52.13,1.7525,73.95,24.25,240.77,1
3,7444.1,296.6,47.27,1.4555,74.24,24.18,221.24,0
5,9328.6,276.96,53.48,1.7854,75.06,24.91,242.2,0
3,7566.4,310.66,51.34,1.4842,74.13,24.75,239.92,0
3,7647.8,270.23,50.21,1.3939,66.67,23.49,209.11,0
1,8585.2,334.79,54.94,1.6202,79.98,24.7,254.0,2
3,7787.2,326.95,48.84,1.5706,72.91,23.79,217.91,0
5,8782.6,308.07,51.79,1.6179,64.34,25.7,225.31,0
4,10755.3,347.69,55.83,1.9862,84.66,24.79,284.54,2
6,10412.3,330.63,54.66,1.8878,77.8,22.88,279.82,0
1,8301.6,315.67,49.21,1.6429,71.56,26.13,235.34,0
1,8237.4,289.96,51.07,1.5182,69.94,21.24,223.36,0
4,10454.6,346.21,55.31,1.7617,79.84,24.25,256.91,2
2,9419.3,294.07,49.24,1.6914,71.58,22.77,219.37,0
4,10208.3,299.35,54.9,1.8655,74.46,25.6,255.64,2
6,9510.9,322.43,51.92,1.6089,73.77,23.8,232.43,0
3,7108.0,294.39,48.16,1.5806,68.76,22.64,220.23,0
4,10021.2,335.13,51.64,1.5782,75.35,23.21,241.56,0
5,8634.3,303.29,52.02,1.6963,76.13,22.71,246.75,1
1,8182.1,343.95,53.63,1.6396,74.42,23.15,239.01,0
6,10166.1,334.72,54.4,1.7753,78.73,23.11,264.46,2
2,9171.5,325.08,48.73,1.6678,77.09,22.64,230.44,0
5,8508.1,317.14,52.05,1.5691,73.06,23.76,236.05,0
4,10167.0,349.89,53.99,1.7796,74.38,23.88,261.42,0
1,8639.9,325.41,49.45,1.6796,80.04,22.35,242.82,3
5,9160.5,328.72,52.3,1.7851,78.25,21.61,258.19,0
2,9009.0,332.35,53.8,1.863,80.37,23.77,252.59,1
4,10258.4,300.0,53.42,1.8061,80.06,24.0,250.85,0
6,9960.0,297.4,51.47,1.6462,74.27,24.21,245.28,3
6,9282.1,320.73,49.71,1.5047,67.13,24.0,227.53,0
6,9725.4,323.42,53.05,1.8196,71.95,25.12,248.98,0
3,8327.3,322.04,51.36,1.7553,75.31,24.48,259.4,0
4,10465.7,335.48,54.97,1.8684,77.7,26.32,258.63,0
2,8751.8,326.74,52.16,1.6476,72.75,26.77,235.79,0
6,9731.3,304.62,53.48,1.7137,67.09,21.42,241.04,0
3,7449.6,301.75,49.45,1.6294,70.65,20.93,229.66,0
5,8353.9,287.75,51.48,1.5311,68.5,23.33,222.64,0
3,7824.3,313.03,51.86,1.5663,69.36,23.88,222.17,1
5,9157.7,286.93,51.36,1.6075,76.73,23.24,247.27,0
2,8900.5,324.18,50.61,1.6066,70.92,24.09,232.92,0
5,8679.3,289.03,50.71,1.7117,69.72,23.01,232.18,0
1,7892.3,299.91,49.15,1.6446,72.2,22.53,233.0,0
1,8152.0,325.78,47.29,1.5995,75.86,22.69,228.6,1
3,7420.0,305.71,48.68,1.308,69.38,23.06,208.26,0
3,7276.5,270.42,51.57,1.5317,74.38,24.2,232.04,0
5,9405.5,311.36,53.87,1.6826,70.74,22.73,239.37,0
3,7749.3,278.22,50.87,1.4996,65.68,22.93,212.06,0
1,8383.2,281.71,51.65,1.5678,66.82,23.87,222.54,0
2,9282.7,324.23,54.84,1.6873,69.6,23.02,245.85,0
3,7846.7,316.4,49.13,1.5297,73.11,24.46,214.05,0
4,10267.8,340.88,52.21,1.7317,74.46,22.21,255.7,0
4,10487.2,346.21,55.8,1.7633,73.61,21.96,260.14,0
2,8913.9,317.84,52.19,1.6243,75.55,23.54,236.92,0
4,10540.3,331.02,53.72,1.9593,80.87,23.64,283.62,0
4,10509.3,316.29,55.04,1.8005,81.13,22.23,270.88,0
5,8677.5,307.53,51.54,1.4975,76.42,24.65,228.97,0
4,9974.6,305.94,53.24,1.8498,73.0,25.28,264.61,0
5,8846.8,302.1,50.21,1.5796,74.58,22.47,244.06,1
2,8934.6,319.88,53.22,1.7614,76.05,24.79,247.16,2
5,8195.1,308.03,50.06,1.5247,70.84,20.52,223.56,0
1,8362.5,367.15,54.02,1.7096,75.14,24.32,247.6,2
1,8508.9,289.37,50.47,1.5683,68.29,22.18,213.09,0
6,10409.1,332.25,54.32,1.8486,75.69,24.19,264.37,3
3,7474.8,276.6,51.52,1.5451,71.26,22.05,234.88,0
4,10227.6,325.52,55.61,1.7913,82.37,23.02,277.4,0
4,10045.0,324.25,53.63,1.8141,80.74,22.2,265.88,0
5,8866.8,332.74,49.29,1.6261,76.85,22.85,244.43,0
2,9064.7,311.62,51.74,1.5264,74.66,25.09,230.19,0
2,8740.4,312.7,49.94,1.5797,73.48,22.95,244.54,0
1,8144.0,301.84,51.75,1.7739,67.24,25.38,229.82,1
6,8966.8,293.42,51.04,1.4865,70.79,22.62,223.81,0
2,9296.4,310.52,55.81,1.7216,72.11,24.68,249.84,3
4,10153.4,324.81,50.65,1.7333,79.02,21.24,247.89,0
3,7588.9,304.81,47.82,1.6915,74.29,22.71,229.75,1
1,7743.5,315.24,50.2,1.5034,74.22,22.43,227.71,0
3,7413.6,297.33,51.07,1.5907,74.51,24.7,235.65,1
1,8110.5,304.68,46.58,1.5994,72.42,23.2,217.34,0
2,8996.4,287.99,48.31,1.5755,70.19,20.69,225.29,0
1,8353.5,321.6,49.99,1.5451,73.02,21.54,222.83,0
5,9260.5,309.34,54.17,1.6835,72.26,21.86,252.28,0
4,10634.5,350.43,58.11,1.8524,81.08,23.99,286.62,3
6,9907.9,352.68,53.2,1.7181,76.17,23.84,253.42,3
3,8062.8,305.31,50.13,1.6484,71.76,22.62,227.83,0
2,9182.3,302.59,50.73,1.7149,76.72,22.34,248.1,0
4,10388.3,333.97,55.6,1.8245,75.31,23.72,258.51,2
6,9922.9,335.43,55.43,1.8284,80.18,21.68,270.45,0
4,10743.4,332.5,57.03,1.8754,73.95,23.42,268.29,3
1,8407.5,302.33,51.2,1.7232,73.77,23.32,258.69,0
2,8534.5,324.02,49.8,1.5907,73.33,22.6,224.22,0
6,9330.7,331.59,52.74,1.7903,78.36,23.33,239.88,3
4,10312.0,327.2,56.37,1.6675,72.8,22.99,251.99,0
6,9849.5,298.57,52.95,1.5143,70.44,23.42,224.53,2
4,10393.2,342.54,50.71,1.9157,80.65,21.4,257.95,1
1,8563.8,300.39,51.01,1.5865,71.67,23.53,224.23,2
6,10020.9,334.09,53.66,1.7763,76.76,23.98,252.34,0
5,9183.7,323.74,49.52,1.543,72.75,23.19,223.09,0
5,9185.8,287.04,52.94,1.6163,77.0,23.49,254.52,0
6,9268.2,323.41,53.17,1.6572,76.18,22.7,249.23,0
2,9154.4,329.96,55.62,1.7781,75.94,23.8,267.76,0
6,9405.6,334.93,50.53,1.6093,71.82,22.88,234.63,0
2,8472.3,315.31,51.77,1.6206,74.96,21.54,246.8,0
6,9508.0,289.0,54.71,1.638,71.26,23.69,244.23,0
2,9423.9,346.65,52.72,1.7801,73.95,20.99,260.75,0
4,10547.4,343.42,52.96,1.813,73.81,23.09,257.59,0
5,9445.7,302.24,50.79,1.64,74.37,22.34,235.13,1
1,8256.7,296.64,50.72,1.6834,75.86,22.27,245.54,1
1,8983.3,322.98,52.15,1.6595,75.33,22.94,245.18,2
6,9656.8,338.46,51.78,1.6772,74.93,21.96,244.26,0
1,8207.2,301.5,52.98,1.6214,72.65,23.3,240.68,1
4,9990.6,344.76,52.91,1.8045,77.68,22.79,263.53,0
6,9955.4,297.24,50.15,1.6423,76.05,22.04,228.47,0
4,10239.3,313.87,54.18,1.8184,77.52,24.18,260.71,0
3,7392.9,264.16,50.23,1.6811,65.91,22.93,227.98,1
3,8010.0,291.96,51.19,1.6031,71.94,23.39,234.67,1
4,10770.6,365.62,55.95,1.7924,73.62,24.24,254.93,3
4,10762.3,375.43,57.78,1.8786,81.82,24.22,268.0,3
4,10284.1,337.35,52.46,1.7671,73.97,23.31,262.03,3
1,8183.7,298.53,49.79,1.5003,76.15,22.33,230.63,0
4,10380.8,330.2,55.93,1.8596,69.39,21.08,267.69,3
5,9050.4,328.07,48.94,1.7673,80.54,22.87,254.33,0
5,9297.1,294.13,52.8,1.5915,68.77,23.84,229.69,0
1,8317.8,301.19,52.94,1.5935,68.42,23.02,216.47,0
5,9432.0,349.58,52.94,1.6846,77.31,18.83,249.07,0
5,9087.1,301.14,53.49,1.7283,76.22,23.57,252.79,1
2,8924.9,304.69,53.3,1.6702,72.92,23.63,247.77,0
6,9865.2,328.75,51.47,1.7693,79.61,22.26,248.75,1
4,10945.9,345.5,57.65,1.7676,76.64,23.68,272.27,2
3,8239.5,299.38,49.04,1.5313,70.93,23.27,224.78,0
5,9179.8,322.36,50.03,1.737,73.92,21.82,247.43,0
4,10408.2,345.43,55.34,1.7511,76.39,23.96,260.17,0
4,10330.7,368.94,52.63,1.5206,72.19,21.16,241.56,0
2,9184.3,318.76,52.47,1.6746,74.77,22.49,247.94,2
6,10135.7,330.75,54.3,1.9514,76.82,22.37,273.21,3
6,9738.8,354.62,55.51,1.8647,80.76,21.62,267.09,1
1,8345.5,301.91,51.65,1.5324,68.21,22.86,206.51,0
5,8816.4,293.14,51.18,1.6168,71.13,23.96,232.56,0
1,8095.1,313.55,52.06,1.696,76.5,23.88,244.67,1
3,7548.1,322.4,48.53,1.4116,72.52,23.3,210.74,0
6,9643.3,332.58,53.55,1.6863,78.1,20.63,245.62,0
2,9549.8,323.3,52.21,1.7537,77.3,21.02,249.43,0
3,7523.3,276.69,50.2,1.6721,71.66,22.66,231.17,1
2,9016.8,318.13,49.0,1.661,80.67,22.43,245.68,2
5,8523.1,335.95,47.24,1.7097,74.29,21.91,217.5,0
3,7829.3,283.91,48.44,1.4532,67.52,24.55,201.57,0
4,10837.3,334.81,57.61,1.6249,80.97,22.56,278.67,2
6,10119.8,324.34,52.03,1.7844,75.06,23.03,250.58,2
4,10465.1,322.56,55.79,1.8475,77.28,23.52,268.86,0
5,8983.8,323.28,50.79,1.7227,75.82,22.48,236.13,1
1,8150.9,317.64,51.27,1.6301,69.85,25.26,231.54,3
2,9169.0,328.65,51.58,1.6769,73.38,21.37,239.25,0
6,9700.5,309.12,55.28,1.7451,77.26,21.73,257.54,0
6,9618.6,296.18,53.29,1.685,73.22,21.35,237.84,0
4,10444.1,339.61,55.45,1.8059,81.43,24.1,266.67,2
3,7744.6,296.08,52.23,1.52,67.79,23.26,238.44,0
2,8905.9,351.05,50.38,1.487,71.87,21.77,225.65,0
6,9522.4,358.67,53.94,1.7051,83.24,21.41,269.8,1
5,9346.4,358.64,54.42,1.6699,71.18,23.88,244.97,0
2,9867.4,311.62,54.76,1.587,75.98,22.74,249.98,2
4,10014.6,340.41,53.81,1.6706,83.54,23.89,260.23,0
4,9997.0,345.64,52.65,1.7247,77.27,22.26,262.79,0
3,7293.7,313.88,47.89,1.5401,75.31,22.88,228.21,1
6,9566.9,318.86,51.53,1.6989,77.87,22.64,244.87,0
1,8486.6,336.38,49.19,1.4298,73.89,21.62,222.09,0
2,9189.2,321.09,52.59,1.8013,74.49,22.14,258.19,0
1,8255.0,313.11,49.66,1.4176,65.52,20.99,193.91,0
5,8969.3,290.98,52.63,1.5949,72.48,22.83,241.36,0
4,10178.5,343.57,54.77,1.6984,78.47,23.11,264.5,0
6,9521.9,320.05,51.35,1.8021,76.39,23.36,246.6,0
4,10393.6,342.7,52.54,1.8842,86.49,22.99,275.9,1
1,7693.1,308.86,49.23,1.5212,72.38,22.11,227.95,0
3,7228.4,302.77,48.39,1.4846,72.41,23.95,212.17,0
1,7841.1,305.43,48.89,1.6031,75.59,23.22,237.83,0
5,9044.5,333.65,55.16,1.6344,76.84,23.76,256.59,0
5,8878.5,314.08,49.76,1.6608,73.77,23.82,235.36,0
6,9795.5,301.56,56.18,1.7202,75.34,22.08,261.16,0
3,7011.3,307.37,49.19,1.5291,68.75,22.63,222.68,1
2,8525.3,299.22,52.9,1.6919,74.39,23.05,261.06,1
1,8412.2,288.7,51.64,1.5674,71.75,20.93,237.28,0
3,6710.8,275.42,48.52,1.3303,70.48,20.95,215.18,0
3,7991.9,313.01,52.16,1.5513,68.74,20.75,229.92,0
5,8216.5,308.64,48.68,1.4728,73.01,22.05,235.72,0
5,9069.9,281.38,51.42,1.7115,78.77,21.8,240.99,0
1,7915.7,300.17,47.94,1.52,70.86,20.58,208.47,0
2,9335.6,343.74,49.59,1.6856,82.18,22.31,251.45,0
4,11426.6,337.57,54.48,1.7728,80.68,22.04,273.44,3
3,6872.6,292.62,51.83,1.604,69.02,23.43,211.32,1
1,8422.5,331.42,51.42,1.5969,74.03,24.34,237.36,0
6,9021.4,333.55,55.11,1.8755,73.89,22.62,258.81,1
5,8936.6,336.69,54.6,1.639,68.13,21.34,244.9,0
4,10333.8,283.77,58.91,1.8791,79.21,22.81,284.81,2
